Time (%),Total Time (ns),Instances,Avg (ns),Med (ns),Min (ns),Max (ns),StdDev (ns),Name
11.4,104409161,7700,13559.6,13088.0,5472,31680,8846.4,"std::enable_if<!T7, void>::type internal::gemvx::kernel<int, int, __half, __half, __half, float, (bool)0, (bool)1, (bool)1, (bool)0, (int)7, (bool)0, cublasGemvParamsEx<int, cublasGemvTensorStridedBatched<const __half>, cublasGemvTensorStridedBatched<const __half>, cublasGemvTensorStridedBatched<__half>, float>>(T13)"
8.1,73933996,14938,4949.4,4832.0,3424,52352,3533.6,"void at::native::elementwise_kernel<(int)128, (int)4, void at::native::gpu_kernel_impl_nocast<at::native::BinaryFunctor<c10::Half, c10::Half, c10::Half, at::native::binary_internal::MulFunctor<float>>>(at::TensorIteratorBase &, const T1 &)::[lambda(int) (instance 1)]>(int, T3)"
7.8,71878507,3080,23337.2,23328.0,21920,27040,548.1,ampere_fp16_s16816gemm_fp16_64x64_ldg8_f2f_stages_64x6_tn
7.7,70169959,2772,25313.8,25680.0,22688,28000,1469.4,ampere_fp16_s16816gemm_fp16_64x64_ldg8_f2f_stages_64x5_tn
7.1,65443908,4158,15739.3,12288.0,11744,24160,5036.4,void cutlass::Kernel2<cutlass_80_tensorop_s16816gemm_f16_64x64_64x6_tn_align8>(T1::Params)
4.8,44208202,6116,7228.3,7424.0,4832,81857,4690.0,"void at::native::<unnamed>::CatArrayBatchedCopy<at::native::<unnamed>::OpaqueType<(unsigned int)2>, unsigned int, (int)4, (int)64, (int)64>(T1 *, at::native::<unnamed>::CatArrInputTensorMetadata<T1, T2, T4, T5>, at::native::<unnamed>::TensorSizeStride<T2, (unsigned int)4>, int, T2)"
4.7,42975271,6120,7022.1,5664.0,4928,34048,2783.3,"void at::native::reduce_kernel<(int)512, (int)1, at::native::ReduceOp<float, at::native::MeanOps<float, float, float, float>, unsigned int, float, (int)4, (int)4>>(T3)"
4.1,37885768,67,565459.2,559584.0,483488,2578784,252259.6,ampere_fp16_s16816gemm_fp16_128x256_ldg8_f2f_stages_64x3_tn
3.9,35501477,6256,5674.8,5376.0,3008,57216,4382.7,"void at::native::unrolled_elementwise_kernel<at::native::direct_copy_kernel_cuda(at::TensorIteratorBase &)::[lambda() (instance 3)]::operator ()() const::[lambda() (instance 7)]::operator ()() const::[lambda(float) (instance 1)], std::array<char *, (unsigned long)2>, (int)4, TrivialOffsetCalculator<(int)1, unsigned int>, TrivialOffsetCalculator<(int)1, unsigned int>, at::native::memory::LoadWithCast<(int)1>, at::native::memory::StoreWithCast<(int)1>>(int, T1, T2, T4, T5, T6, T7)"
3.8,34582501,2772,12475.6,12448.0,11232,13216,247.1,"void pytorch_flash::flash_fwd_splitkv_kernel<Flash_fwd_kernel_traits<(int)64, (int)64, (int)256, (int)4, (bool)0, (bool)0, cutlass::half_t, Flash_kernel_traits<(int)64, (int)64, (int)256, (int)4, cutlass::half_t>>, (bool)0, (bool)0, (bool)0, (bool)0, (bool)1, (bool)0, (bool)1, (bool)0>(pytorch_flash::Flash_fwd_params)"
3.6,33168294,11836,2802.3,2592.0,2240,34624,1905.5,"void at::native::vectorized_elementwise_kernel<(int)4, at::native::CUDAFunctor_add<c10::Half>, std::array<char *, (unsigned long)3>>(int, T2, T3)"
3.4,31472709,5852,5378.1,4864.0,4032,6880,864.8,"void at::native::<unnamed>::CatArrayBatchedCopy_vectorized<at::native::<unnamed>::OpaqueType<(unsigned int)2>, unsigned int, (int)3, (int)128, (int)1, (int)16, (int)8>(char *, at::native::<unnamed>::CatArrInputTensorMetadata<T1, T2, T4, T5>, at::native::<unnamed>::TensorSizeStride<T2, (unsigned int)4>, int, T2)"
3.4,31295459,2772,11289.8,11296.0,11008,11680,167.9,sm80_xmma_gemm_f16f16_f16f32_f32_tn_n_tilesize32x32x64_stage6_warpsize2x2x1_tensor16x8x16_execute_kernel__5x_cublas
2.9,26642371,5984,4452.3,4672.0,3264,26528,1464.6,"void at::native::elementwise_kernel<(int)128, (int)4, void at::native::gpu_kernel_impl_nocast<at::native::neg_kernel_cuda(at::TensorIteratorBase &)::[lambda() (instance 2)]::operator ()() const::[lambda() (instance 8)]::operator ()() const::[lambda(c10::Half) (instance 1)]>(at::TensorIteratorBase &, const T1 &)::[lambda(int) (instance 1)]>(int, T3)"
2.8,25818530,6120,4218.7,3680.0,3424,55776,4387.2,"void at::native::elementwise_kernel<(int)128, (int)2, void at::native::gpu_kernel_impl_nocast<at::native::BinaryFunctor<float, float, float, at::native::binary_internal::MulFunctor<float>>>(at::TensorIteratorBase &, const T1 &)::[lambda(int) (instance 1)]>(int, T3)"
2.1,19160002,6142,3119.5,2720.0,2496,103648,6006.1,"void at::native::vectorized_elementwise_kernel<(int)4, at::native::BinaryFunctor<c10::Half, c10::Half, c10::Half, at::native::binary_internal::MulFunctor<float>>, std::array<char *, (unsigned long)3>>(int, T2, T3)"
2.0,18526242,2772,6683.3,6720.0,6208,6976,139.9,"void pytorch_flash::flash_fwd_splitkv_combine_kernel<Flash_fwd_kernel_traits<(int)64, (int)64, (int)256, (int)4, (bool)0, (bool)0, cutlass::half_t, Flash_kernel_traits<(int)64, (int)64, (int)256, (int)4, cutlass::half_t>>, (int)8, (int)2, (bool)1>(pytorch_flash::Flash_fwd_params)"
2.0,18157731,6120,2966.9,2592.0,2304,51904,4121.2,"void at::native::vectorized_elementwise_kernel<(int)4, void at::native::<unnamed>::pow_tensor_scalar_kernel_impl<float, float>(at::TensorIteratorBase &, T2)::[lambda(float) (instance 1)], std::array<char *, (unsigned long)2>>(int, T2, T3)"
2.0,18084995,6392,2829.3,2560.0,2272,38432,2938.5,"void at::native::vectorized_elementwise_kernel<(int)4, at::native::float16_copy_kernel_cuda(at::TensorIteratorBase &)::[lambda(float) (instance 1)], std::array<char *, (unsigned long)2>>(int, T2, T3)"
1.8,16790561,6120,2743.6,2752.0,2560,3264,108.8,"void at::native::vectorized_elementwise_kernel<(int)4, at::native::rsqrt_kernel_cuda(at::TensorIteratorBase &)::[lambda() (instance 2)]::operator ()() const::[lambda() (instance 2)]::operator ()() const::[lambda(float) (instance 1)], std::array<char *, (unsigned long)2>>(int, T2, T3)"
1.7,15517186,6120,2535.5,2528.0,2336,3104,116.6,"void at::native::vectorized_elementwise_kernel<(int)4, at::native::CUDAFunctorOnSelf_add<float>, std::array<char *, (unsigned long)2>>(int, T2, T3)"
1.6,14991905,4202,3567.8,3584.0,3456,3808,58.3,"void cublasLt::splitKreduce_kernel<(int)32, (int)16, int, float, __half, float, __half, (bool)0, __half, __half, __half, (bool)1, (bool)0, (bool)0>(cublasLt::cublasSplitKParams<T6>, const T4 *, const T10 *, T9 *, T5 *, const T6 *, const T6 *, const T11 *, const T4 *, T11 *, void *, long, T6 *, int *, T6 *, T6 *, const T6 *, const T6 *, const T6 *, const T6 *, const T6 *)"
1.3,12098400,2992,4043.6,3456.0,3296,72224,5842.6,"void at::native::vectorized_elementwise_kernel<(int)4, at::native::<unnamed>::silu_kernel(at::TensorIteratorBase &)::[lambda() (instance 1)]::operator ()() const::[lambda() (instance 5)]::operator ()() const::[lambda(c10::Half) (instance 1)], std::array<char *, (unsigned long)2>>(int, T2, T3)"
1.1,10067874,88,114407.7,113648.0,39264,190336,75474.8,ampere_fp16_s16816gemm_fp16_128x128_ldg8_f2f_stages_32x5_tn
0.9,8430080,151,55828.3,26368.0,14944,107136,42072.2,ampere_fp16_s16816gemm_fp16_64x64_sliced1x2_ldg8_f2f_stages_64x5_tn
0.8,7373186,70,105331.2,106416.0,101184,109536,3021.6,ampere_fp16_s16816gemm_fp16_128x64_ldg8_f2f_stages_32x6_tn
0.4,3620000,44,82272.7,82336.0,81344,83040,426.5,void cutlass::Kernel2<cutlass_80_tensorop_f16_s16816gemm_relu_f16_256x64_32x4_tn_align8>(T1::Params)
0.4,3334818,44,75791.3,74112.0,33504,119584,41813.0,"void pytorch_flash::flash_fwd_kernel<Flash_fwd_kernel_traits<(int)64, (int)128, (int)128, (int)4, (bool)0, (bool)0, cutlass::half_t, Flash_kernel_traits<(int)64, (int)128, (int)128, (int)4, cutlass::half_t>>, (bool)0, (bool)1, (bool)0, (bool)0, (bool)1, (bool)1, (bool)0, (bool)0>(pytorch_flash::Flash_fwd_params)"
0.4,3323904,66,50362.2,38448.0,31488,81568,21866.6,sm80_xmma_gemm_f16f16_f16f32_f32_tn_n_tilesize96x128x32_stage4_warpsize2x2x1_tensor16x8x16_execute_kernel__5x_cublas
0.3,2733696,136,20100.7,19888.0,18432,23232,856.7,"void at::native::reduce_kernel<(int)512, (int)1, at::native::ReduceOp<c10::Half, at::native::ArgMaxOps<float>, unsigned int, long, (int)4, (int)4>>(T3)"
0.2,2145120,132,16250.9,7648.0,5024,61440,20265.2,"void at::native::elementwise_kernel<(int)128, (int)4, void at::native::gpu_kernel_impl_nocast<at::native::CUDAFunctor_add<c10::Half>>(at::TensorIteratorBase &, const T1 &)::[lambda(int) (instance 1)]>(int, T3)"
0.2,1996993,154,12967.5,12960.5,11776,13280,156.8,"void pytorch_flash::flash_fwd_kernel<Flash_fwd_kernel_traits<(int)64, (int)128, (int)128, (int)4, (bool)0, (bool)0, cutlass::half_t, Flash_kernel_traits<(int)64, (int)128, (int)128, (int)4, cutlass::half_t>>, (bool)0, (bool)0, (bool)0, (bool)0, (bool)0, (bool)1, (bool)0, (bool)0>(pytorch_flash::Flash_fwd_params)"
0.1,825184,136,6067.5,6016.0,4928,6720,398.1,"void at::native::reduce_kernel<(int)512, (int)1, at::native::ReduceOp<long, at::native::func_wrapper_t<long, at::native::sum_functor<long, long, long>::operator ()(at::TensorIterator &)::[lambda(long, long) (instance 1)]>, unsigned int, long, (int)4, (int)4>>(T3)"
0.1,795776,133,5983.3,4928.0,4480,9344,1520.1,"void at::native::<unnamed>::indexSelectSmallIndex<c10::Half, long, unsigned int, (int)2, (int)2, (int)-2>(at::cuda::detail::TensorInfo<T1, T3>, at::cuda::detail::TensorInfo<const T1, T3>, at::cuda::detail::TensorInfo<const T2, T3>, int, int, T3, long)"
0.1,704480,136,5180.0,5248.0,3232,5984,517.3,"void at::native::unrolled_elementwise_kernel<at::native::direct_copy_kernel_cuda(at::TensorIteratorBase &)::[lambda() (instance 3)]::operator ()() const::[lambda() (instance 11)]::operator ()() const::[lambda(bool) (instance 1)], std::array<char *, (unsigned long)2>, (int)4, TrivialOffsetCalculator<(int)1, unsigned int>, TrivialOffsetCalculator<(int)1, unsigned int>, at::native::memory::LoadWithCast<(int)1>, at::native::memory::StoreWithCast<(int)1>>(int, T1, T2, T4, T5, T6, T7)"
0.1,702624,272,2583.2,2560.0,2368,3200,126.3,"void at::native::vectorized_elementwise_kernel<(int)4, at::native::AUnaryFunctor<float, float, float, at::native::binary_internal::MulFunctor<float>>, std::array<char *, (unsigned long)2>>(int, T2, T3)"
0.1,700096,44,15911.3,15856.0,15584,17312,348.5,ampere_fp16_s16816gemm_fp16_64x64_sliced1x2_ldg8_f2f_stages_64x6_tn
0.1,623936,136,4587.8,4576.0,3040,5408,341.6,"void at::native::unrolled_elementwise_kernel<at::native::direct_copy_kernel_cuda(at::TensorIteratorBase &)::[lambda() (instance 3)]::operator ()() const::[lambda() (instance 4)]::operator ()() const::[lambda(long) (instance 1)], std::array<char *, (unsigned long)2>, (int)4, TrivialOffsetCalculator<(int)1, unsigned int>, TrivialOffsetCalculator<(int)1, unsigned int>, at::native::memory::LoadWithCast<(int)1>, at::native::memory::StoreWithCast<(int)1>>(int, T1, T2, T4, T5, T6, T7)"
0.1,593664,22,26984.7,26992.0,25664,27712,493.3,ampere_fp16_s16816gemm_fp16_128x64_ldg8_f2f_stages_64x4_tn
0.1,576192,133,4332.3,4320.0,4160,4672,111.3,"void at::native::<unnamed>::CatArrayBatchedCopy_vectorized<at::native::<unnamed>::OpaqueType<(unsigned int)4>, unsigned int, (int)3, (int)128, (int)1, (int)16, (int)4>(char *, at::native::<unnamed>::CatArrInputTensorMetadata<T1, T2, T4, T5>, at::native::<unnamed>::TensorSizeStride<T2, (unsigned int)4>, int, T2)"
0.1,572832,133,4307.0,4288.0,4032,4896,136.1,"void at::native::<unnamed>::CatArrayBatchedCopy_alignedK_contig<at::native::<unnamed>::OpaqueType<(unsigned int)8>, unsigned int, (int)2, (int)128, (int)1, (int)16>(T1 *, at::native::<unnamed>::CatArrInputTensorMetadata<T1, T2, T4, T5>, at::native::<unnamed>::TensorSizeStride<T2, (unsigned int)4>, int, T2)"
0.1,563680,136,4144.7,3936.0,3648,5120,358.2,"void at::native::vectorized_elementwise_kernel<(int)4, at::native::cos_kernel_cuda(at::TensorIteratorBase &)::[lambda() (instance 2)]::operator ()() const::[lambda() (instance 2)]::operator ()() const::[lambda(float) (instance 1)], std::array<char *, (unsigned long)2>>(int, T2, T3)"
0.1,558400,136,4105.9,3904.0,3552,4736,342.6,"void at::native::vectorized_elementwise_kernel<(int)4, at::native::sin_kernel_cuda(at::TensorIteratorBase &)::[lambda() (instance 2)]::operator ()() const::[lambda() (instance 2)]::operator ()() const::[lambda(float) (instance 1)], std::array<char *, (unsigned long)2>>(int, T2, T3)"
0.0,410752,133,3088.4,3168.0,2912,3360,127.8,"void gemmk1_kernel<int, float, (int)256, (int)5, (bool)1, (bool)0, (bool)0, (bool)0, cublasGemvTensorStridedBatched<const float>, cublasGemvTensorStridedBatched<const float>, cublasGemvTensorStridedBatched<float>, float, (int)0>(cublasGemmk1Params<T2, T9, T10, T11, T12, biasType<T11::value_type, T12>::type>)"
0.0,397888,136,2925.6,2880.0,2688,3296,143.5,"void at::native::vectorized_elementwise_kernel<(int)4, at::native::AUnaryFunctor<long, long, bool, at::native::<unnamed>::CompareEqFunctor<long>>, std::array<char *, (unsigned long)2>>(int, T2, T3)"
0.0,373152,130,2870.4,2848.0,2720,3200,119.2,"void at::native::vectorized_elementwise_kernel<(int)2, at::native::CUDAFunctorOnSelf_add<long>, std::array<char *, (unsigned long)2>>(int, T2, T3)"
0.0,364224,133,2738.5,2752.0,2624,2976,74.1,"void at::native::vectorized_elementwise_kernel<(int)2, at::native::FillFunctor<long>, std::array<char *, (unsigned long)1>>(int, T2, T3)"
0.0,348416,1,348416.0,348416.0,348416,348416,0.0,ampere_fp16_s16816gemm_fp16_256x128_ldg8_f2f_stages_64x3_tn
0.0,328896,22,14949.8,14992.0,13504,15360,365.6,"void pytorch_flash::flash_fwd_kernel<Flash_fwd_kernel_traits<(int)64, (int)128, (int)128, (int)4, (bool)0, (bool)0, cutlass::half_t, Flash_kernel_traits<(int)64, (int)128, (int)128, (int)4, cutlass::half_t>>, (bool)0, (bool)1, (bool)0, (bool)0, (bool)0, (bool)1, (bool)0, (bool)0>(pytorch_flash::Flash_fwd_params)"
0.0,283841,44,6450.9,6496.0,6176,6752,197.9,void cutlass::Kernel2<cutlass_80_tensorop_s16816gemm_f16_64x64_32x6_tn_align8>(T1::Params)
0.0,125632,1,125632.0,125632.0,125632,125632,0.0,ampere_fp16_s16816gemm_fp16_128x64_ldg8_f2f_stages_64x3_tn
0.0,95264,22,4330.2,4320.0,4224,4384,38.7,"void cublasLt::splitKreduce_kernel<(int)32, (int)16, int, __half, __half, float, __half, (bool)0, __half, __half, __half, (bool)1, (bool)0, (bool)0>(cublasLt::cublasSplitKParams<T6>, const T4 *, const T10 *, T9 *, T5 *, const T6 *, const T6 *, const T11 *, const T4 *, T11 *, void *, long, T6 *, int *, T6 *, T6 *, const T6 *, const T6 *, const T6 *, const T6 *, const T6 *)"
0.0,39744,3,13248.0,6144.0,5184,28416,13144.6,"void at::native::vectorized_gather_kernel<(int)16, long>(char *, char *, T2 *, int, long, long, long, long, bool)"
0.0,22464,3,7488.0,6656.0,6656,9152,1441.1,"void at::native::<unnamed>::CatArrayBatchedCopy<at::native::<unnamed>::OpaqueType<(unsigned int)4>, unsigned int, (int)3, (int)64, (int)64>(T1 *, at::native::<unnamed>::CatArrInputTensorMetadata<T1, T2, T4, T5>, at::native::<unnamed>::TensorSizeStride<T2, (unsigned int)4>, int, T2)"
0.0,10336,3,3445.3,3520.0,3168,3648,248.6,"void gemmk1_kernel<int, float, (int)256, (int)5, (bool)0, (bool)0, (bool)0, (bool)0, cublasGemvTensorStridedBatched<const float>, cublasGemvTensorStridedBatched<const float>, cublasGemvTensorStridedBatched<float>, float, (int)0>(cublasGemmk1Params<T2, T9, T10, T11, T12, biasType<T11::value_type, T12>::type>)"
0.0,5664,2,2832.0,2832.0,2816,2848,22.6,"void at::native::unrolled_elementwise_kernel<at::native::CUDAFunctorOnSelf_add<long>, std::array<char *, (unsigned long)2>, (int)4, TrivialOffsetCalculator<(int)1, unsigned int>, TrivialOffsetCalculator<(int)1, unsigned int>, at::native::memory::LoadWithoutCast, at::native::memory::StoreWithoutCast>(int, T1, T2, T4, T5, T6, T7)"
0.0,3872,1,3872.0,3872.0,3872,3872,0.0,"void at::native::elementwise_kernel<(int)128, (int)2, void at::native::gpu_kernel_impl_nocast<at::native::CUDAFunctorOnSelf_add<long>>(at::TensorIteratorBase &, const T1 &)::[lambda(int) (instance 1)]>(int, T3)"
