t_s,batch,n_prefill,prefill_tokens,prefill_ms,decode_ms,gather_ms,iteration_ms,padding_waste,context_max,waiting,preempted,kv_blocks_used,kv_slot_utilization,wasted_decode_tokens
0.05283,1,1,235,28.011600999889197,24.77157499970417,0.664993999635044,52.82068199994683,0.0,235,0,0,15,0.9833333333333333,0
0.07737,1,0,0,0.0,24.510247000307572,0.6314909996945062,24.53176400013035,0.0,236,0,0,15,0.9875,0
0.10205,1,0,0,0.0,24.657934000060777,0.6215680000423163,24.678984000274795,0.0,237,0,0,15,0.9916666666666667,0
0.1268,1,0,0,0.0,24.713546999919345,0.6324420000964892,24.735318000239204,0.0,238,0,0,15,0.9958333333333333,0
0.15125,1,0,0,0.0,24.421474000064336,0.6360639999911655,24.439566000182822,0.0,239,0,0,15,1.0,0
0.1753,1,0,0,0.0,24.02847900020788,0.6154550001156167,24.04836300001989,0.0,240,0,0,16,0.94140625,0
0.19917,1,0,0,0.0,23.83475999977236,0.5937659998380695,23.852573000112898,0.0,241,0,0,16,0.9453125,0
0.22324,1,0,0,0.0,24.043563000304857,0.5955800002084288,24.06242500001099,0.0,242,0,0,16,0.94921875,0
0.24783,1,0,0,0.0,24.571029000071576,0.6078319997868675,24.58964500010552,0.0,243,0,0,16,0.953125,0
0.27196,1,0,0,0.0,24.10262800003693,0.6228699999155651,24.11960800009183,0.0,244,0,0,16,0.95703125,0
0.33438,4,3,555,32.52109200002451,29.852948999632645,0.8137710001392406,62.41958600003272,0.18367346938775508,245,0,0,52,0.9663461538461539,0
0.36418,4,0,0,0.0,29.759603000002244,0.8283799998025643,29.78424000002633,0.18292682926829273,246,0,0,53,0.9528301886792453,0
0.3935,4,0,0,0.0,29.293924999819865,0.8755720000408473,29.319668999960413,0.18218623481781382,247,0,0,53,0.9575471698113207,0
0.42359,4,0,0,0.0,30.060968999805482,0.8718559997760167,30.086733999723947,0.18145161290322576,248,0,0,53,0.9622641509433962,0
0.48051,5,1,98,25.452351000240014,31.40970999993442,1.255541999853449,56.905524999820045,0.265863453815261,249,0,0,60,0.9572916666666667,0
0.51062,5,0,0,0.0,30.078931000389275,0.937957000132883,30.102723000254628,0.26480000000000004,250,0,0,60,0.9625,0
0.54064,5,0,0,0.0,29.996485999618017,0.9489709996159945,30.02011600028709,0.26374501992031874,251,0,0,60,0.9677083333333333,0
0.57076,5,0,0,0.0,30.082111999945482,0.9458780000386469,30.106891999821528,0.26269841269841265,252,0,0,61,0.9569672131147541,0
0.60071,5,0,0,0.0,29.91779499961922,0.9338670001852734,29.942550999749074,0.26166007905138344,253,0,0,61,0.9620901639344263,0
0.6305,5,0,0,0.0,29.757043999779853,0.9251100000255974,29.780229999687435,0.2606299212598425,254,0,0,61,0.9672131147540983,0
0.65969,5,0,0,0.0,29.168620000291412,0.9305180001319968,29.18907000002946,0.25960784313725493,255,0,0,61,0.9723360655737705,0
0.68947,5,0,0,0.0,29.742719999831024,0.907324999843695,29.76948600007745,0.25859374999999996,256,0,0,62,0.9616935483870968,0
0.71954,5,0,0,0.0,30.044511000141938,0.9207230000356503,30.067536999922595,0.25758754863813227,257,0,0,62,0.9667338709677419,0
0.74939,5,0,0,0.0,29.81329700014612,0.9351120002065727,29.83730700043452,0.2565891472868217,258,0,0,63,0.9563492063492064,0
0.7792,5,0,0,0.0,29.782176000026084,0.9276239998143865,29.802108999774646,0.2555984555984556,259,0,0,63,0.9613095238095238,0
0.80924,5,0,0,0.0,30.017451000276196,0.9382830003232812,30.03939400014133,0.2546153846153846,260,0,0,63,0.9662698412698413,0
0.86735,6,1,146,25.81220199999734,32.24946199998158,1.2779620001310832,58.10107399975095,0.2848020434227331,261,0,0,73,0.964041095890411,0
0.89752,6,0,0,0.0,30.139700999825436,1.0200520000580582,30.1648730001034,0.2837150127226463,262,0,0,74,0.956081081081081,0
0.92726,6,0,0,0.0,29.706269000143948,1.0177110002587142,29.733149000094272,0.2826362484157161,263,0,0,75,0.9483333333333334,0
0.95822,6,0,0,0.0,30.926267999802803,1.4168319999043888,30.948928999805503,0.2815656565656566,264,0,0,75,0.9533333333333334,0
0.9889,6,0,0,0.0,30.649115999949572,1.0706240000217804,30.67344500004765,0.2805031446540881,265,0,0,75,0.9583333333333334,0
1.04602,7,1,207,25.90802500026257,31.163989000106085,1.407921999998507,57.11325099991882,0.2712137486573577,266,0,0,88,0.96875,0
1.0762,7,0,0,0.0,30.14476799990007,1.1913739999727113,30.17193400000906,0.27019796682718034,267,0,0,89,0.9627808988764045,0
1.10618,7,0,0,0.0,29.949857000246993,1.1596889999054838,29.974613999911526,0.2691897654584222,268,0,0,90,0.9569444444444445,0
1.13663,7,0,0,0.0,30.41813900017587,1.1693659998854855,30.441540000083478,0.26818906001062137,269,0,0,90,0.9618055555555556,0
1.1672,7,0,0,0.0,30.540943999767478,1.1536179999893648,30.56439199963279,0.2671957671957672,270,0,0,90,0.9666666666666667,0
1.22318,8,1,228,25.359518000186654,30.57074200023635,1.7167689998132118,55.97707300012189,0.25276752767527677,271,0,0,105,0.969047619047619,0
1.25415,8,0,0,0.0,30.93543500017404,1.3019889997849532,30.963596000219695,0.25183823529411764,272,0,0,106,0.964622641509434,0
1.28484,8,0,0,0.0,30.65553899978113,1.3056369998594164,30.682696999974723,0.2509157509157509,273,0,0,106,0.9693396226415094,0
1.31519,8,0,0,0.0,30.314786999952048,1.2983330002498406,30.342702999860194,0.25,274,0,0,107,0.9649532710280374,0
1.34547,8,0,0,0.0,30.22683799963488,1.3046740000390855,30.270893000306387,0.24909090909090914,275,0,0,108,0.9606481481481481,0
1.37583,8,0,0,0.0,30.327302999921812,1.4220410002963035,30.351746000178537,0.24818840579710144,276,0,0,108,0.9652777777777778,0
1.40654,8,0,0,0.0,30.68517099973178,1.2953689997630136,30.70912600014708,0.24729241877256314,277,0,0,108,0.9699074074074074,0
1.43716,8,0,0,0.0,30.581940000047325,1.2909889996990387,30.608842000219738,0.24640287769784175,278,0,0,109,0.9655963302752294,0
1.46728,8,0,0,0.0,30.082881999987876,1.3163429998712672,30.109060000086174,0.2455197132616488,279,0,0,110,0.9613636363636363,0
1.4984,8,0,0,0.0,31.09666299997116,1.8047290000140492,31.11931600005846,0.24464285714285716,280,0,0,110,0.9659090909090909,0
1.52884,8,0,0,0.0,30.414271000154258,1.3041870001870848,30.436946999998327,0.2437722419928826,281,0,0,110,0.9704545454545455,0
1.55957,8,0,0,0.0,30.692145000102755,1.3105539997013693,30.71544200020071,0.2429078014184397,282,0,0,110,0.975,0
1.59005,8,0,0,0.0,30.450692999693274,1.34033799986355,30.47847300013018,0.24204946996466437,283,0,0,112,0.9620535714285714,0
1.62034,8,0,0,0.0,30.235507000270445,1.3300589998834766,30.280878999747074,0.2411971830985915,284,0,0,95,0.9519736842105263,0
1.65038,7,0,0,0.0,30.012863000138168,1.2075939998794638,30.036871999982395,0.2590885816692269,279,0,0,95,0.9565789473684211,0
1.6808,7,0,0,0.0,30.391223000151513,1.2110150000808062,30.41618199995355,0.25816326530612244,280,0,0,95,0.9611842105263158,0
1.71125,7,0,0,0.0,30.417473999932554,1.2175100000604289,30.44396899986168,0.25724453482460596,281,0,0,95,0.9657894736842105,0
1.7418,7,0,0,0.0,30.511806000049546,1.225796999733575,30.53881099958744,0.2563323201621074,282,0,0,95,0.9703947368421053,0
1.77238,7,0,0,0.0,30.549197999789612,1.2445510001271032,30.572933000257763,0.25542655224634025,283,0,0,95,0.975,0
1.80307,7,0,0,0.0,30.65627800015136,1.2157599999227386,30.683990999932576,0.25452716297786715,284,0,0,96,0.9694010416666666,0
1.83417,7,0,0,0.0,31.062765000115178,1.2405170000420185,31.091114999981073,0.25363408521303255,285,0,0,97,0.9639175257731959,0
1.86503,7,0,0,0.0,30.826283999886073,1.255652000054397,30.8487239999522,0.25274725274725274,286,0,0,97,0.9684278350515464,0
1.89496,7,0,0,0.0,29.906939000284183,1.2757360000250628,29.930835999948613,0.25186660029865604,287,0,0,97,0.9729381443298969,0
1.95153,8,1,174,25.892916999964655,30.620676999660645,1.3229410001258657,56.56045300020196,0.2690972222222222,288,0,0,109,0.9701834862385321,0
1.98177,8,0,0,0.0,30.209772000034718,1.3150380000297446,30.23782399986885,0.2681660899653979,289,0,0,110,0.9659090909090909,0
2.01211,8,0,0,0.0,30.29921400002422,1.3351809998312092,30.326599000090937,0.26724137931034486,290,0,0,111,0.9617117117117117,0
2.04302,8,0,0,0.0,30.88339400028417,1.895024000077683,30.907161999948585,0.26632302405498287,291,0,0,111,0.9662162162162162,0
2.07328,8,0,0,0.0,30.22479600031147,1.326777000031143,30.24774499999694,0.2654109589041096,292,0,0,111,0.9707207207207207,0
2.10389,8,0,0,0.0,30.57856699979311,1.331267999830743,30.60851400005049,0.26450511945392496,293,0,0,113,0.9579646017699115,0
2.136,8,0,0,0.0,32.06869299992832,1.4042729999346193,32.09982999987915,0.26360544217687076,294,0,0,114,0.9539473684210527,0
2.16739,8,0,0,0.0,31.35927699986496,1.431115000286809,31.387628000175027,0.2627118644067796,295,0,0,114,0.9583333333333334,0
2.19902,8,0,0,0.0,31.59247699977641,1.5203260004454933,31.620375999864336,0.26182432432432434,296,0,0,114,0.9627192982456141,0
2.23039,8,0,0,0.0,31.32668599982935,1.4035529998182028,31.36461199983387,0.2609427609427609,297,0,0,95,0.9644736842105263,0
2.26119,7,0,0,0.0,30.768174000058934,1.2136310001551465,30.79396600014661,0.19759168035030106,261,0,0,95,0.969078947368421,0
2.29215,7,0,0,0.0,30.91941399998177,1.2353450001683086,30.945549000080064,0.19683751363140678,262,0,0,95,0.9736842105263158,0
2.32226,7,0,0,0.0,30.074066999986826,1.2742650001200673,30.10617399968396,0.1960890820206409,263,0,0,96,0.9680989583333334,0
2.35284,7,0,0,0.0,30.542571999831125,1.2147370002821845,30.570686999908503,0.19534632034632038,264,0,0,97,0.9626288659793815,0
2.38353,7,0,0,0.0,30.66314199986664,1.2280700002520462,30.692238000028738,0.19460916442048515,265,0,0,97,0.967139175257732,0
2.4144,7,0,0,0.0,30.83067600027789,1.2159750003775116,30.860158999985288,0.19387755102040816,266,0,0,97,0.9716494845360825,0
2.44526,7,0,0,0.0,30.82240499998079,1.2247619997651782,30.850957999973616,0.19315141787051904,267,0,0,97,0.976159793814433,0
2.47615,7,0,0,0.0,30.841958000110026,1.240636999682465,30.87954600005105,0.19243070362473347,268,0,0,86,0.9738372093023255,0
2.50662,6,0,0,0.0,30.433994999839342,1.1433169997872028,30.46388900020247,0.16976456009913254,269,0,0,87,0.9669540229885057,0
2.53716,6,0,0,0.0,30.50146399982623,1.1311379998915072,30.528718999903504,0.16913580246913584,270,0,0,87,0.9712643678160919,0
2.56759,6,0,0,0.0,30.39930099976118,1.1444140000094194,30.42759899972225,0.16851168511685122,271,0,0,87,0.9755747126436781,0
2.59817,6,0,0,0.0,30.539229000169144,1.1340949999976147,30.569370999728562,0.16789215686274506,272,0,0,89,0.9578651685393258,0
2.62866,6,0,0,0.0,30.451719000211597,1.1563970001589041,30.482577999919158,0.16727716727716724,273,0,0,90,0.9513888888888888,0
2.65907,6,0,0,0.0,30.37930900018182,1.1410459997023281,30.402665000110574,0.16666666666666663,274,0,0,90,0.9555555555555556,0
2.6894,6,0,0,0.0,30.29271700006575,1.1401359997762484,30.316124000364653,0.16606060606060602,275,0,0,90,0.9597222222222223,0
2.71975,6,0,0,0.0,30.322465999688575,1.127977000123792,30.346856000051048,0.1654589371980676,276,0,0,90,0.9638888888888889,0
2.75052,6,0,0,0.0,30.738780999854498,1.1306660003356228,30.763233000016044,0.16486161251504217,277,0,0,90,0.9680555555555556,0
2.78192,6,0,0,0.0,31.369865000215214,1.1352569999871776,31.39421300011236,0.16426858513189446,278,0,0,90,0.9722222222222222,0
2.81232,6,0,0,0.0,30.373356000382046,1.1602200002016616,30.398633999993763,0.16367980884109912,279,0,0,90,0.9763888888888889,0
2.84335,6,0,0,0.0,30.991953000011563,1.1389969999981986,31.017665000035777,0.16309523809523807,280,0,0,91,0.9697802197802198,0
2.8741,6,0,0,0.0,30.71716500016919,1.136566000241146,30.740336000235402,0.16251482799525507,281,0,0,91,0.9739010989010989,0
2.90504,6,0,0,0.0,30.909900000096968,1.155638000000181,30.93397000020559,0.16193853427895977,282,0,0,91,0.978021978021978,0
2.93701,6,0,0,0.0,31.945394000103988,1.2093509999431262,31.97118500020224,0.16136631330977624,283,0,0,91,0.9821428571428571,0
2.96929,6,0,0,0.0,32.227797000359715,1.2017609997201362,32.26572700032193,0.16079812206572774,284,0,0,75,0.9725,0
3.00076,5,0,0,0.0,31.430411000201275,1.0889780000979954,31.45983599961255,0.18105263157894735,285,0,0,76,0.9638157894736842,0
3.03244,5,0,0,0.0,31.63893500004633,1.0588329996608081,31.686279000041395,0.1804195804195804,286,0,0,76,0.9679276315789473,0
3.06299,5,0,0,0.0,30.4994660000375,1.0561630001575395,30.525120999755018,0.17979094076655056,287,0,0,76,0.9720394736842105,0
3.09401,5,0,0,0.0,30.99010799996904,1.1001070001839253,31.016118999559694,0.1791666666666667,288,0,0,77,0.963474025974026,0
3.12473,5,0,0,0.0,30.685913000070286,1.0619770000630524,30.712959000084084,0.17854671280276813,289,0,0,78,0.9551282051282052,0
3.15529,5,0,0,0.0,30.52657200032627,1.0487510003258649,30.54835299963088,0.1779310344827586,290,0,0,78,0.9591346153846154,0
3.18573,5,0,0,0.0,30.403711999952066,1.0439160000714764,30.42854500017711,0.17731958762886602,291,0,0,78,0.9631410256410257,0
3.21735,5,0,0,0.0,31.597150999914447,1.080854000065301,31.62423999992825,0.17671232876712328,292,0,0,78,0.9671474358974359,0
3.24813,5,0,0,0.0,30.740180000066175,1.079889000266121,30.766843000037625,0.1761092150170649,293,0,0,78,0.9711538461538461,0
3.27876,5,0,0,0.0,30.591897000249446,1.089770999897155,30.62551799985158,0.17551020408163265,294,0,0,66,0.9753787878787878,0
3.30826,4,0,0,0.0,29.469668999809073,0.9733890001371037,29.49425800034078,0.1271186440677966,295,0,0,66,0.9791666666666666,0
3.33863,4,0,0,0.0,30.330936999689584,0.9649159997024981,30.358542999692872,0.12668918918918914,296,0,0,67,0.9682835820895522,0
3.36869,4,0,0,0.0,30.026865000309044,0.9597240000402962,30.047613000078854,0.1262626262626263,297,0,0,67,0.9720149253731343,0
3.39859,4,0,0,0.0,29.87535400006891,0.9445729997423769,29.897321999669657,0.12583892617449666,298,0,0,67,0.9757462686567164,0
3.4539,5,1,98,24.97926300020481,30.279096999947797,1.018535999719461,55.29984200029503,0.23478260869565215,299,0,0,74,0.9704391891891891,0
3.48449,5,0,0,0.0,30.55872899994938,1.0361160002503311,30.58520300010059,0.23399999999999999,300,0,0,74,0.9746621621621622,0
3.51495,5,0,0,0.0,30.430140000134998,1.0335850001865765,30.457075999947847,0.2332225913621262,301,0,0,75,0.9658333333333333,0
3.54505,5,0,0,0.0,30.06226900015463,1.055393999649823,30.087693000041327,0.2324503311258278,302,0,0,75,0.97,0
3.5746,5,0,0,0.0,29.522005000217177,1.0496930003682792,29.543633999765007,0.23168316831683167,303,0,0,75,0.9741666666666666,0
3.60486,5,0,0,0.0,30.235919000006106,1.0087499999826832,30.262365999988106,0.23092105263157892,304,0,0,76,0.9654605263157895,0
3.63498,5,0,0,0.0,30.08133799994539,1.0777999996207654,30.112691999875096,0.2301639344262295,305,0,0,77,0.9569805194805194,0
3.66528,5,0,0,0.0,30.2687540001898,1.0722409997470095,30.292678000023443,0.22941176470588232,306,0,0,77,0.961038961038961,0
3.69536,5,0,0,0.0,30.042378999951325,1.0785650001707836,30.067486000007193,0.22866449511400655,307,0,0,77,0.9650974025974026,0
3.72513,5,0,0,0.0,29.741453000042384,1.0390050001660711,29.766206000203965,0.22792207792207797,308,0,0,77,0.9691558441558441,0
3.75505,5,0,0,0.0,29.89036600001782,1.0696560002543265,29.91396099969279,0.22718446601941744,309,0,0,77,0.9732142857142857,0
3.78484,5,0,0,0.0,29.76054999999178,1.060450000295532,29.786886999772832,0.2264516129032258,310,0,0,77,0.9772727272727273,0
3.81467,5,0,0,0.0,29.791545000080077,1.0847869998542592,29.823917000157962,0.22572347266881032,311,0,0,57,0.9846491228070176,0
3.84425,4,0,0,0.0,29.53929600016636,0.9211800002049131,29.56505299971468,0.28044871794871795,312,0,0,58,0.9719827586206896,0
3.87393,4,0,0,0.0,29.650697000306536,0.9181569998872874,29.674339999928634,0.2795527156549521,313,0,0,59,0.9597457627118644,0
3.90335,4,0,0,0.0,29.3937339997683,0.9175149998554843,29.41715800034217,0.2786624203821656,314,0,0,59,0.9639830508474576,0
3.93315,4,0,0,0.0,29.772422999940318,0.9037159998115385,29.79504300037661,0.2777777777777778,315,0,0,59,0.9682203389830508,0
3.96349,4,0,0,0.0,30.30187800004569,0.9479609998379601,30.32803599990075,0.2768987341772152,316,0,0,59,0.972457627118644,0
3.99422,4,0,0,0.0,30.69527699972241,0.9330970001428796,30.726205999599188,0.2760252365930599,317,0,0,60,0.9604166666666667,0
4.02498,4,0,0,0.0,30.728160999842657,0.9565690002091287,30.753062999792746,0.2751572327044025,318,0,0,60,0.9645833333333333,0
4.05433,4,0,0,0.0,29.317677000108233,0.9657850000621693,29.34690500023862,0.27429467084639503,319,0,0,60,0.96875,0
4.08411,4,0,0,0.0,29.74512799983131,0.9196380001412763,29.77215900000374,0.2734375,320,0,0,61,0.9569672131147541,0
4.11485,4,0,0,0.0,30.69627099966965,0.9264420000363316,30.722596000032354,0.27258566978193144,321,0,0,61,0.9610655737704918,0
4.14464,4,0,0,0.0,29.751681000107055,0.9497519999968063,29.774206000183767,0.2717391304347826,322,0,0,61,0.9651639344262295,0
4.17446,4,0,0,0.0,29.77090100011992,0.9222079997925903,29.816974999903323,0.2708978328173375,323,0,0,45,0.9708333333333333,0
4.20398,3,0,0,0.0,29.487686999800644,0.7918789997347631,29.509805000088818,0.2808641975308642,324,0,0,45,0.975,0
4.26605,5,2,308,30.748611000035453,31.261618999906204,0.9927269998115662,62.060262999693805,0.3784615384615385,325,0,0,65,0.9759615384615384,0
4.29742,5,0,0,0.0,31.343041000127414,1.0703879997890908,31.3688699998238,0.37730061349693256,326,0,0,65,0.9807692307692307,0
4.32866,5,0,0,0.0,31.201277000036498,1.0175090001212084,31.22884399999748,0.37614678899082565,327,0,0,65,0.9855769230769231,0
4.36032,5,0,0,0.0,31.62636900015059,1.030295000418846,31.652868000037415,0.375,328,0,0,67,0.960820895522388,0
4.39024,5,0,0,0.0,29.872885000258975,1.0278250001647393,29.900183999870933,0.37386018237082064,329,0,0,68,0.9512867647058824,0
4.42017,5,0,0,0.0,29.901334999976825,1.0242680000374094,29.927681000117445,0.3727272727272727,330,0,0,68,0.9558823529411765,0
4.45052,5,0,0,0.0,30.309421000310977,1.0446639998917817,30.337933999817324,0.3716012084592145,331,0,0,68,0.9604779411764706,0
4.48148,5,0,0,0.0,30.928858000152104,1.0118359996340587,30.959720999817364,0.37048192771084343,332,0,0,68,0.9650735294117647,0
4.51193,5,0,0,0.0,30.413874000259966,1.0278699996888463,30.43918200000917,0.36936936936936937,333,0,0,68,0.9696691176470589,0
4.54239,5,0,0,0.0,30.41984399987996,1.0593719998723827,30.448715000147786,0.3682634730538922,334,0,0,69,0.9601449275362319,0
4.57235,5,0,0,0.0,29.929335999895557,1.0683249997782696,29.956577999655565,0.36716417910447763,335,0,0,69,0.9646739130434783,0
4.60284,5,0,0,0.0,30.45069199970385,1.0637070004122506,30.482262000077753,0.3660714285714286,336,0,0,70,0.9553571428571429,0
4.63335,5,0,0,0.0,30.472900999939156,1.0728679999374435,30.4989830001432,0.3649851632047477,337,0,0,70,0.9598214285714286,0
4.66363,5,0,0,0.0,30.236576000334026,1.0482980001143005,30.267254999671422,0.36390532544378695,338,0,0,53,0.9587264150943396,0
4.69447,4,0,0,0.0,30.78953799968076,0.9025290000863606,30.837368999982573,0.4004424778761062,339,0,0,31,0.9616935483870968,0
4.72482,3,0,0,0.0,30.318608000015956,0.7800480002515542,30.344455999966158,0.1542553191489362,188,0,0,31,0.967741935483871,0
4.75498,3,0,0,0.0,30.11126299998068,0.7657629998902848,30.135274999793182,0.1534391534391535,189,0,0,31,0.9737903225806451,0
4.78517,3,0,0,0.0,30.164897999839013,0.8122270000967546,30.18653200024346,0.15263157894736845,190,0,0,31,0.9798387096774194,0
4.8407,4,1,82,25.639652999871032,29.832868000085,0.8565980001549178,55.518755999855784,0.25654450261780104,191,0,0,37,0.9662162162162162,0
4.89658,5,1,253,25.604540999665915,30.195749000085925,0.9157110002888658,55.871306999961234,0.34782608695652173,253,0,0,54,0.9606481481481481,0
4.92628,5,0,0,0.0,29.66443699961019,0.9007140001813241,29.6892240003217,0.3464566929133859,254,0,0,55,0.9488636363636364,0
4.9553,5,0,0,0.0,28.99274899982629,0.9104759997171641,29.015427999638632,0.34509803921568627,255,0,0,55,0.9545454545454546,0
4.98565,5,0,0,0.0,30.318529999931343,0.9106999996220111,30.347907999839663,0.34375,256,0,0,56,0.9430803571428571,0
5.01609,5,0,0,0.0,30.406807999952434,0.9699500001261185,30.435486999977,0.3424124513618677,257,0,0,56,0.9486607142857143,0
5.04663,5,0,0,0.0,30.503433999911067,0.9646369999245508,30.529949000083434,0.3410852713178295,258,0,0,56,0.9542410714285714,0
5.07693,5,0,0,0.0,30.261214000347536,0.9372430004077614,30.288423000001785,0.33976833976833976,259,0,0,57,0.9429824561403509,0
5.13319,6,1,225,25.65348099960829,30.555557000297995,1.0250929999529035,56.25708299976395,0.3044871794871795,260,0,0,72,0.9470486111111112,0
5.16398,6,0,0,0.0,30.74979200027883,1.0690160002013727,30.774196999573178,0.30332056194125157,261,0,0,72,0.9522569444444444,0
5.19432,6,0,0,0.0,30.311082000025635,1.0493939998923452,30.339090999859764,0.30216284987277353,262,0,0,72,0.9574652777777778,0
5.22598,6,0,0,0.0,31.626785999833373,1.089263999801915,31.65506400000595,0.3010139416983524,263,0,0,72,0.9626736111111112,0
5.25772,6,0,0,0.0,31.70354199983194,1.1832629998025368,31.73033699977168,0.29987373737373735,264,0,0,72,0.9678819444444444,0
5.28837,6,0,0,0.0,30.6035690000499,1.0796729998219234,30.642876000001706,0.2987421383647799,265,0,0,72,0.9730902777777778,0
5.34474,7,1,251,25.680313000066235,30.626453999957448,1.1936850000893173,56.36180100009369,0.26315789473684215,266,0,0,89,0.9683988764044944,0
5.37513,7,0,0,0.0,30.358727000020735,1.1884199998348777,30.383370999970793,0.26217228464419473,267,0,0,89,0.973314606741573,0
5.40516,7,0,0,0.0,30.00115199984066,1.1908700003004924,30.024067999875115,0.26119402985074625,268,0,0,89,0.9782303370786517,0
5.43528,7,0,0,0.0,30.085633999988204,1.1721109999598411,30.113942000298266,0.2602230483271375,269,0,0,90,0.9722222222222222,0
5.46615,7,0,0,0.0,30.822345000160567,1.1793730000135838,30.855758999678073,0.2592592592592593,270,0,0,77,0.9715909090909091,0
5.49597,6,0,0,0.0,29.787474000386283,1.1329899998600013,29.81342599969139,0.26383763837638374,271,0,0,78,0.9639423076923077,0
5.52624,6,0,0,0.0,30.24355400020795,1.073008999810554,30.269828999735182,0.2628676470588235,272,0,0,79,0.9564873417721519,0
5.55654,6,0,0,0.0,30.264925000210496,1.0981699997500982,30.288992999885522,0.26190476190476186,273,0,0,79,0.9612341772151899,0
5.58724,6,0,0,0.0,30.67295400023795,1.0458739998284727,30.698098999891954,0.2609489051094891,274,0,0,79,0.9659810126582279,0
5.61787,6,0,0,0.0,30.590136999762763,1.1125609998998698,30.619904000104725,0.26,275,0,0,81,0.9467592592592593,0
5.64875,6,0,0,0.0,30.846608000047127,1.10347300005742,30.873463999796513,0.2590579710144928,276,0,0,81,0.9513888888888888,0
5.67949,6,0,0,0.0,30.707733000326698,1.115318000302068,30.736647000139783,0.2581227436823105,277,0,0,81,0.9560185185185185,0
5.70985,6,0,0,0.0,30.322765999699186,1.1066449997088057,30.350142000315827,0.2571942446043165,278,0,0,81,0.9606481481481481,0
5.73955,6,0,0,0.0,29.667192000033538,1.1554900002010982,29.695615000036923,0.2562724014336918,279,0,0,81,0.9652777777777778,0
5.76994,6,0,0,0.0,30.354200000147102,1.0880519998863747,30.377998999938427,0.25535714285714284,280,0,0,81,0.9699074074074074,0
5.80049,6,0,0,0.0,30.511156000102346,1.107040000078996,30.53966399966157,0.25444839857651247,281,0,0,81,0.9745370370370371,0
5.83119,6,0,0,0.0,30.666366999867023,1.1342630000399367,30.696203999923455,0.2535460992907801,282,0,0,82,0.9672256097560976,0
5.86228,6,0,0,0.0,31.05264799978613,1.1477089997242729,31.07785199972568,0.25265017667844525,283,0,0,82,0.9717987804878049,0
5.89305,6,0,0,0.0,30.73076599957858,1.1480040002425085,30.76798099982625,0.25176056338028174,284,0,0,64,0.97265625,0
5.92365,5,0,0,0.0,30.565029999706894,1.027684999826306,30.59276600015437,0.26222222222222225,270,0,0,64,0.9775390625,0
5.95315,5,0,0,0.0,29.46534500006237,1.0029860000031476,29.49544600005538,0.2612546125461255,271,0,0,65,0.9673076923076923,0
5.98359,5,0,0,0.0,30.402098999729787,0.9898379998958262,30.431705999944825,0.2602941176470588,272,0,0,66,0.9573863636363636,0
6.01395,5,0,0,0.0,30.321226999603823,1.0021470002357091,30.350066000210063,0.2593406593406593,273,0,0,66,0.9621212121212122,0
6.04421,5,0,0,0.0,30.220563000057155,1.03059499997471,30.246385999816994,0.2583941605839416,274,0,0,66,0.9668560606060606,0
6.07474,5,0,0,0.0,30.49796300001617,1.0103179997713596,30.526472000019567,0.2574545454545455,275,0,0,66,0.9715909090909091,0
6.13114,6,1,198,25.734800999998697,30.60602599998674,1.0914989998127567,56.396265999865136,0.26086956521739135,276,0,0,81,0.9490740740740741,0
6.16184,6,0,0,0.0,30.662811999718542,1.1290809998172335,30.689025000356196,0.25992779783393505,277,0,0,81,0.9537037037037037,0
6.22,7,1,182,26.38987199998155,31.71412500023507,1.1988080000264745,58.154622000074596,0.2713257965056526,278,0,0,93,0.9576612903225806,0
6.25185,7,0,0,0.0,31.81456899983459,1.3012809999963793,31.84378400010246,0.27035330261136714,279,0,0,93,0.9623655913978495,0
6.30894,8,1,211,25.974029999815684,31.049573000018427,1.322108999829652,57.08204999973532,0.26651785714285714,280,0,0,95,0.9638157894736842,0
6.33928,7,0,0,0.0,30.302476000088063,1.2384430001475266,30.329298000197014,0.2552109811896289,281,0,0,95,0.968421052631579,0
6.37005,7,0,0,0.0,30.732961000012438,1.234158999977808,30.759622000005038,0.254305977710233,282,0,0,95,0.9730263157894737,0
6.40081,7,0,0,0.0,30.72033599983115,1.2477390000640298,30.751318000056926,0.2534073700151439,283,0,0,96,0.9674479166666666,0
6.43154,7,0,0,0.0,30.694175000007817,1.2588149998009612,30.723100999693997,0.2525150905432596,284,0,0,96,0.9720052083333334,0
6.46247,7,0,0,0.0,30.86987599999702,1.2265049999768962,30.92404200015153,0.2516290726817043,285,0,0,83,0.9774096385542169,0
6.49302,6,0,0,0.0,30.518762999690807,1.1275970000497182,30.549030000202038,0.2435897435897436,286,0,0,84,0.9702380952380952,0
6.52265,6,0,0,0.0,29.572369000106846,1.1419399997976143,29.601108000406384,0.24274099883855982,287,0,0,84,0.9747023809523809,0
6.55307,6,0,0,0.0,30.377825000414305,1.1181619997842063,30.409644999963348,0.24189814814814814,288,0,0,86,0.9563953488372093,0
6.58375,6,0,0,0.0,30.6491050000659,1.1753029998544662,30.676381999910518,0.24106113033448673,289,0,0,86,0.9607558139534884,0
6.61406,6,0,0,0.0,30.2722809997249,1.1543649998202454,30.29948500034152,0.24022988505747123,290,0,0,86,0.9651162790697675,0
6.67484,8,2,309,29.906422000294697,30.810112999915873,1.317497999934858,60.76858199958224,0.29682130584192434,291,0,0,106,0.9699292452830188,0
6.73241,9,1,223,25.59946500014121,31.914050000068528,1.8642099998942285,57.5692539996453,0.289193302891933,292,0,0,121,0.9695247933884298,0
6.763,9,0,0,0.0,30.52786999978707,1.4392640000551182,30.579164999835484,0.2882062950322336,293,0,0,124,0.9506048387096774,0
6.79348,9,0,0,0.0,30.43679400025212,1.4461250002568704,30.47461200003454,0.28722600151171584,294,0,0,105,0.9523809523809523,0
6.825,8,0,0,0.0,31.477845999688725,1.280666000184283,31.507062999935442,0.2727272727272727,275,0,0,105,0.9571428571428572,0
6.85593,8,0,0,0.0,30.9006379998209,1.3475470000230416,30.93066000019462,0.2717391304347826,276,0,0,105,0.9619047619047619,0
6.88705,8,0,0,0.0,31.07948300021235,1.343707000160066,31.105879999813624,0.2707581227436823,277,0,0,105,0.9666666666666667,0
6.91798,8,0,0,0.0,30.900827000095887,1.328056000147626,30.93059100001483,0.2697841726618705,278,0,0,105,0.9714285714285714,0
6.97501,9,1,207,26.169105999997555,30.787070999849675,1.428832000328839,57.0082670001284,0.2676224611708483,279,0,0,119,0.9705882352941176,0
7.0058,9,0,0,0.0,30.763377999846853,1.4473490000455058,30.795860000125685,0.2666666666666667,280,0,0,121,0.9591942148760331,0
7.03684,9,0,0,0.0,30.99750799992762,1.475576999837358,31.02884500003711,0.26571767497034404,281,0,0,121,0.9638429752066116,0
7.06803,9,0,0,0.0,31.146378999892477,1.4673030000267318,31.177733999811608,0.264775413711584,282,0,0,122,0.9605532786885246,0
7.09886,9,0,0,0.0,30.7955060002314,1.4712420002069848,30.82413499987524,0.26383981154299174,283,0,0,122,0.9651639344262295,0
7.15702,10,1,156,26.362007999978232,31.729951000215806,1.985528999739472,58.147186000041984,0.2816901408450704,284,0,0,133,0.9633458646616542,0
7.18768,10,0,0,0.0,30.632067000169627,1.5547369998785143,30.658650000077614,0.2807017543859649,285,0,0,133,0.9680451127819549,0
7.21924,10,0,0,0.0,31.519628999831184,1.5454970002792834,31.555276999824855,0.2797202797202797,286,0,0,133,0.9727443609022557,0
7.25131,10,0,0,0.0,32.028222999997524,1.6614000001027307,32.068237000203226,0.2787456445993032,287,0,0,133,0.9774436090225563,0
7.28199,10,0,0,0.0,30.633105999640975,1.5764129998387943,30.664667000110057,0.2777777777777778,288,0,0,135,0.9675925925925926,0
7.31301,10,0,0,0.0,30.977613999766618,1.9532540000000154,31.01190500001394,0.2768166089965398,289,0,0,138,0.9510869565217391,0
7.34362,10,0,0,0.0,30.566911999812874,1.5760920000502665,30.59613499999614,0.27586206896551724,290,0,0,138,0.9556159420289855,0
7.37418,10,0,0,0.0,30.53209700010484,1.578667999638128,30.558246000055078,0.27491408934707906,291,0,0,138,0.9601449275362319,0
7.40447,10,0,0,0.0,30.23581399975228,1.567562999753136,30.27655699997922,0.273972602739726,292,0,0,138,0.9646739130434783,0
7.43496,10,0,0,0.0,30.462372999863874,1.5670339998905547,30.491501000142307,0.273037542662116,293,0,0,138,0.9692028985507246,0
7.4654,10,0,0,0.0,30.395409999982803,1.5744590000394965,30.422583000017767,0.27210884353741494,294,0,0,138,0.9737318840579711,0
7.4954,10,0,0,0.0,29.960822999782977,1.6277499998977873,29.994287000135955,0.27118644067796616,295,0,0,139,0.9712230215827338,0
7.52633,10,0,0,0.0,30.869604999679723,1.6289669997604506,30.92906799975026,0.2702702702702703,296,0,0,141,0.9618794326241135,0
7.58378,11,1,249,25.69985899981475,31.684008999945945,2.118212999903335,57.43368200000987,0.2595653504744414,297,0,0,157,0.9673566878980892,0
7.61466,11,0,0,0.0,30.84653999985676,1.7252440002266667,30.880347000220354,0.2586943258084198,298,0,0,158,0.9655854430379747,0
7.64565,11,0,0,0.0,30.9353010002269,1.7430979996788665,30.966212000294036,0.2578291273943448,299,0,0,158,0.9699367088607594,0
7.70314,12,1,78,25.77939700040588,31.640083999718627,2.135503999852517,57.47710099967662,0.2972222222222223,300,0,0,164,0.96875,0
7.73408,12,0,0,0.0,30.903428999863536,1.8393569998806925,30.934552999951848,0.29623477297895906,301,0,0,164,0.9733231707317073,0
7.76476,12,0,0,0.0,30.638705999990634,1.8307539999113942,30.670390000068437,0.29525386313465785,302,0,0,165,0.9719696969696969,0
7.82186,13,1,225,25.74484000024313,31.295845999920857,2.2894250000717875,57.09500200009643,0.29144452906829144,303,0,0,180,0.9736111111111111,0
7.85268,13,0,0,0.0,30.77033699992171,1.9773879998865596,30.80594899984135,0.2904858299595142,304,0,0,183,0.9620901639344263,0
7.88354,13,0,0,0.0,30.820137999853614,1.9651669999802834,30.851748999793926,0.2895334174022699,305,0,0,186,0.9509408602150538,0
7.91406,13,0,0,0.0,30.486421999739832,1.9507429997247527,30.512621000070794,0.2885872297637003,306,0,0,186,0.9553091397849462,0
7.94436,13,0,0,0.0,30.27390600027502,1.9531180000740278,30.299409999770432,0.28764720621398143,307,0,0,186,0.9596774193548387,0
7.97506,13,0,0,0.0,30.661595999845304,2.264726000248629,30.685076999816374,0.28671328671328666,308,0,0,186,0.9640456989247311,0
8.00533,13,0,0,0.0,30.246828000144887,1.964646000033099,30.27060700014772,0.2857854119990042,309,0,0,186,0.9684139784946236,0
8.03559,13,0,0,0.0,30.231249000280513,1.9692160003614845,30.254380999849673,0.284863523573201,310,0,0,186,0.9727822580645161,0
8.06513,13,0,0,0.0,29.490017000171065,1.9539509999049187,29.525653999826318,0.2839475636903289,311,0,0,176,0.9701704545454546,0
8.09552,12,0,0,0.0,30.359674999999697,2.102383999954327,30.384039000182383,0.27029914529914534,312,0,0,177,0.9689265536723164,0
8.12579,12,0,0,0.0,30.244194000260904,1.863005999894085,30.2689229997668,0.26943556975505856,313,0,0,177,0.9731638418079096,0
8.15616,12,0,0,0.0,30.337704999965354,1.8999629996869771,30.3641030000108,0.2685774946921444,314,0,0,178,0.9719101123595506,0
8.18657,12,0,0,0.0,30.374755000138975,1.8928270001197234,30.397307999919576,0.2677248677248677,315,0,0,178,0.976123595505618,0
8.21737,12,0,0,0.0,30.774697000197193,1.8691480004235927,30.80041400016853,0.2668776371308017,316,0,0,179,0.9748603351955307,0
8.27503,13,1,197,26.618488000167417,30.98411400014811,2.3669369998060574,57.647104000352556,0.27469060907546716,317,0,0,192,0.9772135416666666,0
8.30522,13,0,0,0.0,30.162128000029043,2.0320539997555898,30.188988999725552,0.27382680212868893,318,0,0,194,0.9713273195876289,0
8.33567,13,0,0,0.0,30.410238000058598,2.034226999967359,30.44132000013633,0.27296841089944535,319,0,0,194,0.9755154639175257,0
8.36691,13,0,0,0.0,31.204940999941755,2.106492999701004,31.23913800027367,0.27211538461538465,320,0,0,197,0.9647842639593909,0
8.39774,13,0,0,0.0,30.78849799976524,2.2312419996524113,30.819143999906373,0.271267673136832,321,0,0,200,0.954375,0
8.42854,13,0,0,0.0,30.76326300015353,2.047279000180424,30.792413000199303,0.270425226946966,322,0,0,200,0.9584375,0
8.45984,13,0,0,0.0,31.263551999927586,2.4131160002980323,31.29378700032248,0.26958799714217674,323,0,0,200,0.9625,0
8.4908,13,0,0,0.0,30.92515500020454,2.103194000028452,30.952366000292386,0.2687559354226021,324,0,0,200,0.9665625,0
8.52152,13,0,0,0.0,30.670895000184828,2.0643450002353347,30.70951800009425,0.2679289940828402,325,0,0,183,0.9692622950819673,0
8.55201,12,0,0,0.0,30.45493500030716,1.9247019999966142,30.4838959996232,0.27453987730061347,326,0,0,183,0.9733606557377049,0
8.58214,12,0,0,0.0,30.09172199972454,1.9419469999775174,30.122640000172396,0.2737003058103975,327,0,0,184,0.9721467391304348,0
8.61285,12,0,0,0.0,30.675498000164225,1.9597959999373415,30.709129000115354,0.27286585365853655,328,0,0,186,0.9657258064516129,0
8.64341,12,0,0,0.0,30.51840700027242,1.9556209999791463,30.546032000074774,0.2720364741641338,329,0,0,186,0.969758064516129,0
8.70016,13,1,112,25.41243299992857,31.278271000246605,2.4122980003085104,56.74914800010811,0.3011655011655011,330,0,0,181,0.9696132596685083,0
8.73084,12,0,0,0.0,30.634663999990153,1.990355000089039,30.671588000132033,0.2930513595166163,331,0,0,160,0.971875,0
8.7876,12,1,129,25.948145000256773,30.74875799984511,1.781985999969038,56.749554999896645,0.23210093896713613,284,0,0,170,0.9665441176470588,0
8.84453,13,1,134,26.060460000280727,30.796906999967177,1.8977839999934076,56.92245899990667,0.25425101214574897,285,0,0,162,0.9714506172839507,0
8.87517,12,0,0,0.0,30.600259000038932,1.7637070000091626,30.630970999936835,0.2663170163170163,286,0,0,164,0.9641768292682927,0
8.90512,12,0,0,0.0,29.908296000030532,1.7841839999164222,29.93818300001294,0.26538908246225323,287,0,0,164,0.96875,0
8.9358,12,0,0,0.0,30.624795999756316,1.7898969999805558,30.66872199997306,0.26446759259259256,288,0,0,147,0.9634353741496599,0
8.96652,11,0,0,0.0,30.68486700021822,1.6708500002096116,30.718439999873226,0.28719723183391,289,0,0,149,0.9551174496644296,0
8.99737,11,0,0,0.0,30.809987999873556,1.664185999743495,30.840274000183854,0.28620689655172415,290,0,0,149,0.959731543624161,0
9.02813,11,0,0,0.0,30.721693000032246,1.6822570000840642,30.75340400027926,0.2852233676975945,291,0,0,149,0.9643456375838926,0
9.0589,11,0,0,0.0,30.729025999789883,1.6774709997662285,30.763071999899694,0.2842465753424658,292,0,0,149,0.9689597315436241,0
9.08994,11,0,0,0.0,30.99721100034003,1.6972539997368585,31.02507699986745,0.2832764505119454,293,0,0,149,0.9735738255033557,0
9.146,12,1,229,25.529335999635805,30.4663699998855,1.7955590001292876,56.05474799995136,0.2772108843537415,294,0,0,151,0.9743377483443708,0
9.17604,11,0,0,0.0,30.004519000158325,1.693682000222907,30.035046000193688,0.2745762711864407,295,0,0,152,0.9724506578947368,0
9.20624,11,0,0,0.0,30.154988000049343,1.6762969999035704,30.186265999873285,0.2736486486486487,296,0,0,154,0.9642857142857143,0
9.23701,11,0,0,0.0,30.733832999885635,1.693196999895008,30.762591999973665,0.2727272727272727,297,0,0,154,0.96875,0
9.29296,12,1,94,25.169035000089934,30.71293399989372,1.787816999694769,55.94682899982217,0.30620805369127513,298,0,0,161,0.96777950310559,0
9.3234,12,0,0,0.0,30.39390200001435,1.790187000096921,30.426563999753853,0.3051839464882943,299,0,0,162,0.9664351851851852,0
9.35436,12,0,0,0.0,30.91665900001317,1.8108300000676536,30.954780999763898,0.3041666666666667,300,0,0,144,0.9622395833333334,0
9.38525,11,0,0,0.0,30.85593100013284,1.9059999999626598,30.882190999818704,0.3304137722742374,301,0,0,144,0.9670138888888888,0
9.41522,11,0,0,0.0,29.928511999969487,1.6448559999844292,29.966399000386446,0.329319686935581,302,0,0,131,0.9580152671755725,0
9.44447,10,0,0,0.0,29.19030200018824,1.5222580000227026,29.238059000363137,0.33729372937293733,303,0,0,131,0.9627862595419847,0
9.49932,11,1,88,24.878790000002482,29.915958999936265,1.6022559998418728,54.84254900011365,0.37021531100478466,304,0,0,138,0.958786231884058,0
9.52902,11,0,0,0.0,29.66881000020294,1.5898520000519056,29.696037000121578,0.3690014903129657,305,0,0,140,0.95,0
9.55866,11,0,0,0.0,29.602904000057606,1.5818730003047676,29.634271999839257,0.3677956030897207,306,0,0,105,0.9511904761904761,0
9.58862,9,0,0,0.0,29.929764999906183,1.3266820001263113,29.94988899990858,0.4216431415128483,307,0,0,105,0.9565476190476191,0
9.61828,9,0,0,0.0,29.62875699995493,1.3213229999564646,29.648837999957323,0.42027417027417024,308,0,0,105,0.9619047619047619,0
9.64809,9,0,0,0.0,29.785019000428292,1.332025000010617,29.804246999901807,0.4189140596907587,309,0,0,105,0.9672619047619048,0
9.67772,9,0,0,0.0,29.610931999741297,1.3477200000124867,29.62978400000793,0.4175627240143369,310,0,0,105,0.9726190476190476,0
9.70662,9,0,0,0.0,28.87048999991748,1.3251459999992221,28.891778999877715,0.41622007859949983,311,0,0,106,0.96875,0
9.76077,10,1,100,24.33644099983212,29.770556000130455,1.4218850001270766,54.14356299979772,0.44134615384615383,312,0,0,114,0.9610745614035088,0
9.79053,10,0,0,0.0,29.73712999983036,1.4314099998955498,29.757007000171143,0.43993610223642177,313,0,0,114,0.9665570175438597,0
9.82033,10,0,0,0.0,29.75719799997023,1.4131830002952483,29.795122999985324,0.4385350318471337,314,0,0,106,0.9622641509433962,0
9.84994,9,0,0,0.0,29.585515999769996,1.3341649996618798,29.605996000100276,0.42433862433862435,315,0,0,107,0.9585280373831776,0
9.87985,9,0,0,0.0,29.880097999921418,1.3459269998747914,29.900831999839284,0.4229957805907173,316,0,0,108,0.9548611111111112,0
9.90953,9,0,0,0.0,29.663665000043693,1.3587210000878258,29.682695000246895,0.42166140904311256,317,0,0,108,0.9600694444444444,0
9.93942,9,0,0,0.0,29.85418899970682,1.3405690001491166,29.876596000121936,0.4203354297693921,318,0,0,109,0.9564220183486238,0
9.96858,9,0,0,0.0,29.14412700010871,1.3620429999718908,29.163559000153327,0.41901776384535006,319,0,0,109,0.9615825688073395,0
9.99854,9,0,0,0.0,29.92331199993714,1.3742909995926311,29.944899000383884,0.41770833333333335,320,0,0,110,0.9579545454545455,0
10.05235,10,1,110,24.56698200012397,29.202108999925258,1.4500439997391368,53.808234999905835,0.4404984423676013,321,0,0,118,0.9565677966101694,0
10.08176,10,0,0,0.0,29.374118999839993,1.4367940002557589,29.401392999716336,0.4391304347826087,322,0,0,107,0.9602803738317757,0
10.11161,9,0,0,0.0,29.829777000031754,1.36380799995095,29.851098000108323,0.43446852425180593,323,0,0,108,0.9565972222222222,0
10.14143,9,0,0,0.0,29.794154000228446,1.358607999918604,29.814463000093383,0.4331275720164609,324,0,0,109,0.9529816513761468,0
10.17237,9,0,0,0.0,30.89354599978833,1.3491909999174823,30.914553999991767,0.43179487179487175,325,0,0,109,0.9581422018348624,0
10.20324,9,0,0,0.0,30.851871999857394,1.561599000069691,30.872127000293403,0.43047034764826175,326,0,0,109,0.963302752293578,0
10.23305,9,0,0,0.0,29.77071299983436,1.365308999993431,29.792013999667688,0.4291539245667686,327,0,0,109,0.9684633027522935,0
10.26304,9,0,0,0.0,29.95898000017405,1.4201069998307503,29.981519999637385,0.42784552845528456,328,0,0,110,0.9647727272727272,0
10.29296,9,0,0,0.0,29.901156000050833,1.3954350001768034,29.92090099996858,0.4265450861195542,329,0,0,110,0.9698863636363636,0
10.32264,9,0,0,0.0,29.65227100003176,1.3832590002493816,29.673346999970818,0.4252525252525252,330,0,0,111,0.9662162162162162,0
10.35252,9,0,0,0.0,29.846532000192383,1.3815979996252281,29.86767999982476,0.4239677744209466,331,0,0,112,0.9626116071428571,0
10.3825,9,0,0,0.0,29.953277000004164,1.3668490000782185,29.978333999679307,0.4226907630522089,332,0,0,113,0.959070796460177,0
10.41275,9,0,0,0.0,30.2225269997507,1.383790000090812,30.2429060002396,0.42142142142142147,333,0,0,113,0.9640486725663717,0
10.44267,9,0,0,0.0,29.89266700024018,1.4007869999659306,29.914824000115914,0.42015968063872255,334,0,0,114,0.9605263157894737,0
10.47188,9,0,0,0.0,29.18285299983836,1.4105929999459477,29.209954000180005,0.4189054726368159,335,0,0,102,0.9681372549019608,0
10.50165,8,0,0,0.0,29.742745000021387,1.2948710000273422,29.762891000245872,0.41220238095238093,336,0,0,103,0.9635922330097088,0
10.53124,8,0,0,0.0,29.56157800008441,1.2953830000697053,29.58321400001296,0.4109792284866469,337,0,0,104,0.9591346153846154,0
10.56102,8,0,0,0.0,29.755429000033473,1.3006830004087533,29.776316000152292,0.4097633136094675,338,0,0,104,0.9639423076923077,0
10.59119,8,0,0,0.0,30.133355999623745,1.3177870000617986,30.156698000155302,0.4085545722713865,339,0,0,105,0.9595238095238096,0
10.62106,8,0,0,0.0,29.847227000118437,1.3321970000106376,29.87166499997329,0.4073529411764706,340,0,0,106,0.9551886792452831,0
10.65101,8,0,0,0.0,29.919999999947322,1.328107000063028,29.941397999664332,0.40615835777126097,341,0,0,106,0.9599056603773585,0
10.68124,8,0,0,0.0,30.202949999875273,1.3337209998098842,30.224870999973064,0.4049707602339181,342,0,0,106,0.964622641509434,0
10.71075,8,0,0,0.0,29.476588999841624,1.3432409996312344,29.50003999967521,0.4037900874635568,343,0,0,106,0.9693396226415094,0
10.74084,8,0,0,0.0,30.056846999741538,1.345261000096798,30.0809919999665,0.4026162790697675,344,0,0,107,0.9649532710280374,0
10.7969,9,1,189,25.863304999802494,30.158906999986357,1.461943999856885,56.06091700019533,0.40708534621578096,345,0,0,119,0.9716386554621849,0
10.85238,10,1,129,25.55475600001955,29.868200999771943,1.553313999920647,55.46959200000856,0.4280346820809249,346,0,0,129,0.9636627906976745,0
10.88255,10,0,0,0.0,30.13895100002628,1.5838580002309754,30.162661999838747,0.4268011527377522,347,0,0,129,0.9685077519379846,0
10.9125,10,0,0,0.0,29.918924000412517,1.5923209998618404,29.946896999717865,0.4255747126436782,348,0,0,131,0.9584923664122137,0
10.94243,10,0,0,0.0,29.896525999902224,1.586496000072657,29.922141000042757,0.4243553008595988,349,0,0,131,0.9632633587786259,0
10.97313,10,0,0,0.0,30.64195999968433,1.6008669999791891,30.674909000026673,0.42314285714285715,350,0,0,132,0.9607007575757576,0
11.0028,10,0,0,0.0,29.635291999966284,1.6337419997398683,29.660032999800023,0.4219373219373219,351,0,0,132,0.9654356060606061,0
11.03289,10,0,0,0.0,30.045577000237245,1.6333009998561465,30.085203999988153,0.4207386363636364,352,0,0,112,0.9631696428571429,0
11.06314,9,0,0,0.0,30.21427199973914,1.4547509999829344,30.24981399994431,0.4567201762669185,353,0,0,90,0.9590277777777778,0
11.09321,8,0,0,0.0,30.036573999950633,1.225228999828687,30.058799000016734,0.40268166089965396,289,0,0,90,0.9645833333333333,0
11.12324,8,0,0,0.0,29.99086299996634,1.2308779996601515,30.025839999780146,0.40129310344827585,290,0,0,82,0.9550304878048781,0
11.15325,7,0,0,0.0,29.973257000165177,1.1578039998312306,29.996071999903506,0.3848797250859106,291,0,0,82,0.9603658536585366,0
11.20954,8,1,161,26.155138999911287,30.074764999881154,1.2123820001761487,56.28441700037001,0.391695205479452,292,0,0,74,0.9569256756756757,0
11.2394,6,0,0,0.0,29.831742999704147,1.050502999987657,29.856016999929125,0.3555176336746303,293,0,0,74,0.9619932432432432,0
11.26933,6,0,0,0.0,29.893572000219137,1.0600479999993695,29.927609999958804,0.3543083900226758,294,0,0,74,0.9670608108108109,0
11.2987,6,0,0,0.0,29.3368340003326,1.1084650000157126,29.359344000113197,0.3531073446327684,295,0,0,74,0.9721283783783784,0
11.32852,6,0,0,0.0,29.786787999910302,1.0455080000610906,29.81219200000851,0.3519144144144144,296,0,0,75,0.9641666666666666,0
11.35822,6,0,0,0.0,29.665254000065033,1.0553010001785879,29.690768999898864,0.3507295173961841,297,0,0,76,0.9564144736842105,0
11.38823,6,0,0,0.0,29.980968000018038,1.0842719998436223,30.002584999692772,0.34955257270693507,298,0,0,76,0.9613486842105263,0
11.41847,6,0,0,0.0,30.194989999927202,1.1091490000580961,30.241377000038483,0.34838350055741363,299,0,0,77,0.9537337662337663,0
11.47415,7,1,123,25.503901000320184,30.11855699969601,1.1663579998639761,55.66887399982079,0.38190476190476186,300,0,0,85,0.9595588235294118,0
11.50425,7,0,0,0.0,30.07144999992306,1.1662150000120164,30.094748999999865,0.38063597532036075,301,0,0,85,0.9647058823529412,0
11.53406,7,0,0,0.0,29.775910999887856,1.17867099970681,29.798213000049145,0.3793755912961211,302,0,0,85,0.9698529411764706,0
11.56316,7,0,0,0.0,29.0710350000154,1.1787220000769594,29.09366299991234,0.3781235266383781,303,0,0,85,0.975,0
11.59325,7,0,0,0.0,30.05312999994203,1.1635649998424924,30.086949999713397,0.37687969924812026,304,0,0,66,0.9734848484848485,0
11.62292,6,0,0,0.0,29.63492299977588,0.9654119999140676,29.66038300019136,0.19937694704049846,214,0,0,67,0.9645522388059702,0
11.65195,6,0,0,0.0,28.989650999847072,0.9575660001246433,29.01525000015681,0.19844961240310077,215,0,0,68,0.9558823529411765,0
11.68208,6,0,0,0.0,30.09590700003173,0.9691479999673902,30.120421999981772,0.19753086419753085,216,0,0,69,0.947463768115942,0
11.71211,6,0,0,0.0,30.001290000200243,1.0068929996123188,30.02586100001281,0.1966205837173579,217,0,0,69,0.9528985507246377,0
11.74308,6,0,0,0.0,30.9414690000267,0.984900999810634,30.966376999913336,0.19571865443425074,218,0,0,69,0.9583333333333334,0
11.77351,6,0,0,0.0,30.388584999855084,1.0008689996539033,30.42219099961585,0.1948249619482496,219,0,0,58,0.96875,0
11.80378,5,0,0,0.0,30.239507999795023,0.8910920000744227,30.259940000178176,0.18272727272727274,220,0,0,58,0.9741379310344828,0
11.83395,5,0,0,0.0,30.13855000017429,0.9086209997803962,30.163805000029242,0.1819004524886878,221,0,0,59,0.9629237288135594,0
11.86389,5,0,0,0.0,29.907849000210263,0.9099789999709174,29.932314999769005,0.18108108108108112,222,0,0,60,0.9520833333333333,0
11.89321,5,0,0,0.0,29.29354499974579,0.9091530000659986,29.314942999917548,0.18026905829596418,223,0,0,60,0.9572916666666667,0
11.94901,6,1,143,25.655550999999832,30.09130600003118,0.9799300000850053,55.792033999750856,0.2098214285714286,224,0,0,70,0.9535714285714286,0
11.97915,6,0,0,0.0,30.107374000181153,1.0084370001095522,30.13446099976136,0.2088888888888889,225,0,0,71,0.9454225352112676,0
12.00855,6,0,0,0.0,29.37051699973381,0.9928660001605749,29.39483599993764,0.2079646017699115,226,0,0,71,0.9507042253521126,0
12.03792,6,0,0,0.0,29.338280000047234,0.9863599998425343,29.361828999753925,0.2070484581497798,227,0,0,71,0.9559859154929577,0
12.09322,7,1,185,25.60758099980376,29.64059299984001,1.0674850000214064,55.2878039998177,0.2036340852130326,228,0,0,83,0.9623493975903614,0
12.12241,7,0,0,0.0,29.15931300003649,1.1002269998243719,29.1805970000496,0.20274485339987525,229,0,0,83,0.9676204819277109,0
12.15177,7,0,0,0.0,29.33751000000484,1.074908000191499,29.361138999774994,0.20186335403726707,230,0,0,84,0.9613095238095238,0
12.20535,8,1,112,24.733328000365873,28.785920000245824,1.1332240001138416,53.566515000056825,0.24025974025974028,231,0,0,92,0.9592391304347826,0
12.23531,8,0,0,0.0,29.928607999863743,1.1515289997987566,29.955889999655483,0.23922413793103448,232,0,0,93,0.9543010752688172,0
12.26506,8,0,0,0.0,29.713931000060256,1.189062000321428,29.738831000031496,0.2381974248927039,233,0,0,93,0.9596774193548387,0
12.29496,8,0,0,0.0,29.873826999846642,1.1769230000027164,29.89545599984922,0.23717948717948723,234,0,0,93,0.9650537634408602,0
12.32439,8,0,0,0.0,29.397277000043687,1.1798460000136402,29.422979000173655,0.2361702127659574,235,0,0,94,0.9601063829787234,0
12.35385,8,0,0,0.0,29.42507600027966,1.168219000192039,29.4539309998072,0.23516949152542377,236,0,0,80,0.96015625,0
12.38331,7,0,0,0.0,29.432379999889235,1.0768199999802164,29.45541000008234,0.2591922845087402,237,0,0,81,0.9537037037037037,0
12.43798,8,1,141,24.99579499999527,29.61745000038718,1.139407999744435,54.66240199984895,0.2767857142857143,238,0,0,90,0.9618055555555556,0
12.49193,9,1,208,24.970994999875984,28.93298999970284,1.3080630001240934,53.943255999911344,0.2594142259414226,239,0,0,104,0.9627403846153846,0
12.52109,9,0,0,0.0,29.12426700004289,1.2532979999377858,29.147301000193693,0.2583333333333333,240,0,0,105,0.9589285714285715,0
12.55025,9,0,0,0.0,29.134494999652816,1.2582910003402503,29.155565000110073,0.2572614107883817,241,0,0,107,0.9462616822429907,0
12.57963,9,0,0,0.0,29.354208999848197,1.2623160000657663,29.37649000023157,0.25619834710743805,242,0,0,107,0.951518691588785,0
12.60939,9,0,0,0.0,29.733523999766476,1.369592000173725,29.758653000044433,0.25514403292181065,243,0,0,107,0.9567757009345794,0
12.66386,10,1,121,24.77128400005313,29.641080999681435,1.376690000142844,54.460380999898916,0.2790983606557377,244,0,0,115,0.9614130434782608,0
12.71893,11,1,256,25.251284000205487,29.7640799999499,1.5091119998942304,55.06262400012929,0.28089488636363635,256,0,0,132,0.9640151515151515,0
12.74872,11,0,0,0.0,29.745614000148635,1.5245849999701022,29.775416000120458,0.27980191015210465,257,0,0,133,0.9619360902255639,0
12.77829,11,0,0,0.0,29.532818000006955,1.521295999737049,29.569217000243952,0.2787174066243834,258,0,0,122,0.9585040983606558,0
12.80779,10,0,0,0.0,29.46231500027352,1.4116770003056445,29.488214000139124,0.27760617760617756,259,0,0,123,0.9557926829268293,0
12.83743,10,0,0,0.0,29.609261000132392,1.4249280002331943,29.632853000293835,0.2765384615384615,260,0,0,123,0.9608739837398373,0
12.86685,10,0,0,0.0,29.370247999850108,1.4139820000309555,29.413038999791752,0.2754789272030651,261,0,0,107,0.9637850467289719,0
12.89671,9,0,0,0.0,29.832699000053253,1.3234000002739776,29.856840999855194,0.30025445292620867,262,0,0,109,0.9512614678899083,0
12.92568,9,0,0,0.0,28.943176999746356,1.3185429997975007,28.9654690000134,0.29911280101394166,263,0,0,109,0.9564220183486238,0
12.9552,9,0,0,0.0,29.491753000002063,1.321697000093991,29.513191000205552,0.297979797979798,264,0,0,109,0.9615825688073395,0
12.98479,9,0,0,0.0,29.560852000031446,1.321367999935319,29.581079999843496,0.29685534591194973,265,0,0,109,0.966743119266055,0
13.0142,9,0,0,0.0,29.386151999915455,1.315580000209593,29.409219000172016,0.2957393483709273,266,0,0,110,0.9630681818181818,0
13.0437,9,0,0,0.0,29.46866799993586,1.3204789997871558,29.49173399974825,0.2946317103620475,267,0,0,110,0.9681818181818181,0
13.07322,9,0,0,0.0,29.4887509999171,1.3229619999037823,29.514750000089407,0.2935323383084577,268,0,0,112,0.9559151785714286,0
13.12736,10,1,77,24.76324899998872,29.325012000299466,1.4275359999373904,54.12894699975368,0.33457249070631967,269,0,0,117,0.9615384615384616,0
13.15662,10,0,0,0.0,29.23491899991859,1.394642999912321,29.259673000069597,0.33333333333333337,270,0,0,117,0.9668803418803419,0
13.18554,10,0,0,0.0,28.88805800012051,1.4104890001362946,28.909586999816383,0.3321033210332104,271,0,0,117,0.9722222222222222,0
13.2147,10,0,0,0.0,29.126104000170017,1.4241480002965545,29.150718999972014,0.3308823529411765,272,0,0,119,0.9611344537815126,0
13.24408,10,0,0,0.0,29.351762999795028,1.4117000000624103,29.376707999745122,0.3296703296703297,273,0,0,120,0.9583333333333334,0
13.27414,10,0,0,0.0,30.018888000086008,1.4077199998610013,30.045637000057468,0.3284671532846716,274,0,0,121,0.9555785123966942,0
13.30389,10,0,0,0.0,29.709409000133746,1.4443889999711246,29.735715999777312,0.32727272727272727,275,0,0,122,0.9528688524590164,0
13.3335,10,0,0,0.0,29.586190999907558,1.4227779997781909,29.60845600000539,0.32608695652173914,276,0,0,122,0.9579918032786885,0
13.36292,10,0,0,0.0,29.384607000338292,1.4113879997239565,29.40503899981195,0.3249097472924187,277,0,0,122,0.9631147540983607,0
13.39231,10,0,0,0.0,29.369642999881762,1.4130859999568202,29.39218100027574,0.3237410071942446,278,0,0,124,0.9526209677419355,0
13.42097,10,0,0,0.0,28.628204000142432,1.428628000212484,28.648627000166016,0.32258064516129037,279,0,0,124,0.9576612903225806,0
13.45063,10,0,0,0.0,29.631694999807223,1.4340709999487444,29.655660999651445,0.3214285714285714,280,0,0,124,0.9627016129032258,0
13.4809,10,0,0,0.0,30.24284799994348,1.4609309996558295,30.268782999883115,0.32028469750889677,281,0,0,124,0.967741935483871,0
13.51101,10,0,0,0.0,30.072812999605958,1.4786709998588776,30.09870999994746,0.3191489361702128,282,0,0,125,0.965,0
13.54074,10,0,0,0.0,29.69814200014298,1.4692109998577507,29.720791000272584,0.3180212014134276,283,0,0,125,0.97,0
13.57037,10,0,0,0.0,29.594993000046088,1.4641589996244875,29.620327999964502,0.31690140845070425,284,0,0,127,0.9596456692913385,0
13.60003,10,0,0,0.0,29.62397300007069,1.4568310002687213,29.645786999935808,0.3157894736842105,285,0,0,127,0.9645669291338582,0
13.6295,10,0,0,0.0,29.443970000102127,1.4699030002702784,29.46591799991438,0.3146853146853147,286,0,0,127,0.969488188976378,0
13.68365,11,1,175,25.284965000082593,28.8192349999008,1.5660180001759727,54.14232399971297,0.32055749128919864,287,0,0,138,0.9764492753623188,0
13.71298,11,0,0,0.0,29.305555000064487,1.555975999963266,29.32804900001429,0.3194444444444444,288,0,0,141,0.9605496453900709,0
13.74286,11,0,0,0.0,29.847052000150143,1.5646309998373908,29.87033399995198,0.31833910034602075,289,0,0,142,0.9586267605633803,0
13.77241,11,0,0,0.0,29.453070999807096,1.574436999817408,29.5522979999987,0.3172413793103448,290,0,0,143,0.9567307692307693,0
13.82654,12,1,198,24.67179900031624,29.403809000086767,1.6860539999470348,54.11755900013304,0.31643757159221075,291,0,0,157,0.955015923566879,0
13.85597,12,0,0,0.0,29.398844999832363,1.7080899997381493,29.421516999718733,0.3153538812785388,292,0,0,157,0.9597929936305732,0
13.88533,12,0,0,0.0,29.334139000184223,1.7100159998335585,29.35486700016554,0.31427758816837315,293,0,0,157,0.9645700636942676,0
13.91479,12,0,0,0.0,29.419005999898218,1.726951999899029,29.44564100016578,0.3132086167800453,294,0,0,159,0.9571540880503144,0
13.94358,12,0,0,0.0,28.759874000115815,1.730150000184949,28.791271999580204,0.3121468926553672,295,0,0,143,0.9624125874125874,0
13.97344,11,0,0,0.0,29.823077999935776,1.594420000401442,29.859668999961286,0.32371007371007376,296,0,0,143,0.9672202797202797,0
14.00293,11,0,0,0.0,29.45201000011366,1.5978290002749418,29.474026000116282,0.322620140801959,297,0,0,143,0.972027972027972,0
14.03207,11,0,0,0.0,29.103535000103875,1.6013879999263736,29.12892699987424,0.32153752287980475,298,0,0,144,0.9700520833333334,0
14.06121,11,0,0,0.0,29.113987000073394,1.5995379999367287,29.135158999906707,0.3204621465491031,299,0,0,144,0.9748263888888888,0
14.09066,11,0,0,0.0,29.424323000057484,1.5990910001164593,29.44706199969005,0.31939393939393934,300,0,0,146,0.966181506849315,0
14.12005,11,0,0,0.0,29.356264999933046,1.6152390003298933,29.378228000041418,0.318332829960737,301,0,0,147,0.9642857142857143,0
14.14915,11,0,0,0.0,29.08322000030239,1.6137070001605025,29.102323999723012,0.3172787477423239,302,0,0,147,0.9689625850340136,0
14.17777,11,0,0,0.0,28.591581999990012,1.6091409997898154,28.611499000362528,0.31623162316231623,303,0,0,147,0.9736394557823129,0
14.20716,11,0,0,0.0,29.3570640001235,1.617378999981156,29.388299999936862,0.3151913875598086,304,0,0,139,0.9559352517985612,0
14.23658,10,0,0,0.0,29.386213999714528,1.5121939995879075,29.407590000118944,0.3029508196721311,305,0,0,140,0.9535714285714286,0
14.26569,10,0,0,0.0,29.094994999923074,1.5439929998137814,29.114081999978225,0.3019607843137255,306,0,0,140,0.9580357142857143,0
14.29537,10,0,0,0.0,29.653357999904983,1.550000000406726,29.673880999780522,0.3009771986970684,307,0,0,140,0.9625,0
14.325,10,0,0,0.0,29.60006400007842,1.5423720001308538,29.620511999837618,0.30000000000000004,308,0,0,140,0.9669642857142857,0
14.35466,10,0,0,0.0,29.617796999900747,1.549342000089382,29.65208600016922,0.29902912621359223,309,0,0,107,0.9649532710280374,0
14.38484,8,0,0,0.0,30.156776999774593,1.3066910000816279,30.182157000126608,0.3338709677419355,310,0,0,108,0.9606481481481481,0
14.41424,8,0,0,0.0,29.367663999892102,1.3274210000417952,29.389645000264863,0.3327974276527331,311,0,0,108,0.9652777777777778,0
14.44444,8,0,0,0.0,30.171046999839746,1.3151080001989612,30.2092680003625,0.3317307692307693,312,0,0,108,0.9699074074074074,0
14.47495,8,0,0,0.0,30.465381999874808,1.3274279999677674,30.493884999941656,0.3306709265175719,313,0,0,108,0.9745370370370371,0
14.50604,8,0,0,0.0,31.053121000240935,1.3839270000062243,31.081711999831896,0.32961783439490444,314,0,0,108,0.9791666666666666,0
14.53697,8,0,0,0.0,30.889597999703255,1.3826580002387345,30.916157999854477,0.3285714285714286,315,0,0,108,0.9837962962962963,0
14.56725,8,0,0,0.0,30.246129999795812,1.3489940001818468,30.274571000063588,0.3275316455696202,316,0,0,110,0.9704545454545455,0
14.62385,9,1,154,25.990158999775304,30.557243999737693,1.452786000299966,56.59603499998411,0.34735366281107605,317,0,0,121,0.9664256198347108,0
14.68216,10,1,137,26.24892199992246,31.995380999887857,1.5964559997883043,58.29555900027117,0.3685534591194969,318,0,0,130,0.9701923076923077,0
14.7412,11,1,152,27.891739000097004,31.09270300001299,1.7663280000306258,59.034659000190004,0.3815901966372186,319,0,0,140,0.9736607142857143,0
14.79826,12,1,235,26.04814799997257,30.951218000154768,1.7929850000655279,57.0537459998377,0.37083333333333335,320,0,0,158,0.9604430379746836,0
14.82926,12,0,0,0.0,30.959475000145176,1.8145779999940714,30.991320999874006,0.3696780893042575,321,0,0,159,0.9591194968553459,0
14.86035,12,0,0,0.0,31.056925000029878,1.8641589999788266,31.087363000096957,0.3685300207039337,322,0,0,159,0.9638364779874213,0
14.89128,12,0,0,0.0,30.881679000231088,1.8432169999869075,30.913037000118493,0.3673890608875129,323,0,0,160,0.9625,0
14.92193,12,0,0,0.0,30.62105800017889,1.8474399998922308,30.6491679998544,0.3662551440329218,324,0,0,160,0.9671875,0
14.97888,13,1,159,26.162451000345754,30.728688999715814,1.9273819998488761,56.94367300020531,0.3763313609467456,325,0,0,172,0.9622093023255814,0
15.00957,13,0,0,0.0,30.652013000235456,1.9157099995936733,30.67949000023873,0.37517697026899477,326,0,0,174,0.9558189655172413,0
15.03938,13,0,0,0.0,29.770654999992985,1.9225159999223251,29.799346000345395,0.374029640084686,327,0,0,175,0.955,0
15.07001,13,0,0,0.0,30.598664000081044,1.9349100002727937,30.62630700014779,0.3728893058161351,328,0,0,175,0.9596428571428571,0
15.10133,13,0,0,0.0,31.270222999864927,1.9608850002441613,31.309016000250267,0.37175590367079725,329,0,0,175,0.9642857142857143,0
15.13235,13,0,0,0.0,30.97350500001994,2.016464000007545,31.003852999674564,0.3706293706293706,330,0,0,175,0.9689285714285715,0
15.16314,13,0,0,0.0,30.747215000246797,1.9668869999804883,30.776943000091705,0.3695096444341157,331,0,0,175,0.9735714285714285,0
15.2226,14,1,83,25.75148200003241,33.641544000147405,2.410238000265963,59.45175699980609,0.3956540447504303,332,0,0,183,0.9641393442622951,0
15.25511,14,0,0,0.0,32.467207000081544,2.5289239997619006,32.502280000244355,0.3944658944658944,333,0,0,184,0.9636548913043478,0
15.286,14,0,0,0.0,30.85019399986777,2.0958549998795206,30.87886699995579,0.3932848588537211,334,0,0,184,0.9684103260869565,0
15.34308,15,1,255,25.792773999910423,31.230394999965938,2.5654680002844543,57.07417199982956,0.38189054726368155,335,0,0,200,0.9753125,0
15.4017,16,1,180,26.28145000016957,32.27093099985723,2.6308500000595814,58.60977000020284,0.38597470238095233,336,0,0,216,0.9597800925925926,0
15.43297,16,0,0,0.0,31.23561799975505,2.3020329999781097,31.269780000002356,0.3848293768545994,337,0,0,217,0.9599654377880185,0
15.46541,16,0,0,0.0,32.39970300001005,2.670051000222884,32.4333979997391,0.3836908284023669,338,0,0,217,0.964573732718894,0
15.49776,16,0,0,0.0,32.28452900020784,2.408880999610119,32.334987000012916,0.3825589970501475,339,0,0,218,0.9647362385321101,0
15.52997,16,0,0,0.0,32.17003500003557,2.3696630000813457,32.20210200015572,0.3814338235294118,340,0,0,218,0.9693233944954128,0
15.56175,16,0,0,0.0,31.73400700006823,2.403265999873838,31.78379099972517,0.3803152492668622,341,0,0,198,0.9643308080808081,0
15.59318,15,0,0,0.0,31.37746199990943,2.098058000228775,31.41030899996622,0.22264631043257,262,0,0,200,0.959375,0
15.62365,15,0,0,0.0,30.434020000029705,2.0525210002233507,30.466533999970125,0.22179974651457546,263,0,0,201,0.9592661691542289,0
15.65453,15,0,0,0.0,30.840402000194445,2.00604099973134,30.87230199980695,0.2209595959595959,264,0,0,201,0.9639303482587065,0
15.68562,15,0,0,0.0,31.05344999994486,2.006203999826539,31.08929600011834,0.22012578616352196,265,0,0,202,0.963799504950495,0
15.71727,15,0,0,0.0,31.596657000136474,2.057538999906683,31.635743999686383,0.2192982456140351,266,0,0,186,0.967741935483871,0
15.74843,14,0,0,0.0,31.125431999953435,1.979693000066618,31.157139999777428,0.2295345104333868,267,0,0,186,0.9724462365591398,0
15.77919,14,0,0,0.0,30.69231600011335,1.9187600000805105,30.73767800015048,0.22867803837953093,268,0,0,173,0.9635115606936416,0
15.80992,13,0,0,0.0,30.679464000058942,1.8275349998475576,30.718840999725217,0.23734629682585073,269,0,0,162,0.9618055555555556,0
15.86691,13,1,192,26.39417099999264,30.540177000148105,1.7915759999596048,56.9824740000513,0.2350427350427351,270,0,0,175,0.9635714285714285,0
15.89691,13,0,0,0.0,29.96638799959328,1.8113730002369266,29.993107999871427,0.23417541867726366,271,0,0,175,0.9682142857142857,0
15.92758,13,0,0,0.0,30.619611000020086,1.831225999922026,30.663545000152226,0.233314479638009,272,0,0,167,0.9550898203592815,0
15.95806,12,0,0,0.0,30.433298999923863,1.732120999804465,30.46979500004454,0.221001221001221,273,0,0,150,0.9591666666666666,0
16.01825,13,2,340,29.70585699995354,30.421386000398343,1.781711000148789,60.184039999967354,0.2582818641212802,274,0,0,159,0.9567610062893082,0
16.04887,12,0,0,0.0,30.585487999815086,1.6984600001705985,30.61357800015685,0.26242424242424245,275,0,0,159,0.9614779874213837,0
16.07908,12,0,0,0.0,30.1784459998089,1.6790439999567752,30.203915999663877,0.26147342995169087,276,0,0,159,0.9661949685534591,0
16.10935,12,0,0,0.0,30.23358400014331,1.6700320002200897,30.260954000368656,0.26052948255114317,277,0,0,160,0.96484375,0
16.13955,12,0,0,0.0,30.171385999892664,1.7121460000453226,30.20026300009704,0.2595923261390888,278,0,0,161,0.9635093167701864,0
16.16896,12,0,0,0.0,29.369041999871115,1.6834610000842076,29.39600900026562,0.2586618876941458,279,0,0,162,0.9621913580246914,0
16.2283,13,1,180,26.54228500023237,32.74459499971272,1.8136059998141718,59.333811000215064,0.26538461538461533,280,0,0,174,0.9651580459770115,0
16.28456,14,1,71,25.777521999771125,30.415595999784273,1.897792999898229,56.24419800005853,0.29893238434163705,281,0,0,180,0.9625,0
16.31486,14,0,0,0.0,30.26998099994671,1.8963449997499993,30.295201999706478,0.2978723404255319,282,0,0,180,0.9673611111111111,0
16.34542,14,0,0,0.0,30.524490000061633,1.8922770000244782,30.550793999736925,0.2968197879858657,283,0,0,180,0.9722222222222222,0
16.40134,15,1,79,25.12851000028604,30.695191000177147,2.0080170002074738,55.91340799992395,0.3241784037558686,284,0,0,186,0.9724462365591398,0
16.43196,15,0,0,0.0,30.57948099967689,2.0149330002823262,30.613012999765488,0.3230409356725146,285,0,0,188,0.9670877659574468,0
16.46269,15,0,0,0.0,30.698430000029475,2.021015000082116,30.73046899999099,0.32191142191142186,286,0,0,189,0.966931216931217,0
16.49319,15,0,0,0.0,30.454496999936964,2.06747499987614,30.4844319998665,0.32078977932636465,287,0,0,190,0.9667763157894737,0
16.52423,15,0,0,0.0,31.00732600023548,2.080939999814291,31.038183999953617,0.319675925925926,288,0,0,193,0.9566062176165803,0
16.55511,15,0,0,0.0,30.83842000023651,2.086174999931245,30.876588999944943,0.31856978085351784,289,0,0,186,0.956989247311828,0
16.58611,14,0,0,0.0,30.946738000238838,1.9508850000420352,30.987154999820632,0.2985221674876847,290,0,0,173,0.9562861271676301,0
16.61652,13,0,0,0.0,30.38588199979131,1.8534260002525116,30.41096600009041,0.3002907745175787,291,0,0,173,0.9609826589595376,0
16.64693,13,0,0,0.0,30.37248600003295,1.8227049999950395,30.400121999718976,0.2992623814541623,292,0,0,174,0.9601293103448276,0
16.67736,13,0,0,0.0,30.400751000343007,1.8288559999746212,30.42803400012417,0.2982410081386191,293,0,0,175,0.9592857142857143,0
16.70758,13,0,0,0.0,30.17786899999919,1.840324000113469,30.203447000076267,0.2972265829408687,294,0,0,176,0.9584517045454546,0
16.73696,13,0,0,0.0,29.35690699996485,1.8274690000907867,29.381498000020656,0.29621903520208603,295,0,0,177,0.9576271186440678,0
16.76743,13,0,0,0.0,30.43793300003017,1.8275540001013724,30.465502999959426,0.29521829521829523,296,0,0,177,0.9622175141242938,0
16.79827,13,0,0,0.0,30.78607200041006,1.8875569999181607,30.81449799992697,0.2942242942242942,297,0,0,177,0.9668079096045198,0
16.82886,13,0,0,0.0,30.54946700012806,1.871575000222947,30.58108599998377,0.29323696437790403,298,0,0,165,0.9712121212121212,0
16.85994,12,0,0,0.0,31.04833699990195,1.7506180001873872,31.075332000000344,0.2853957636566332,299,0,0,165,0.9757575757575757,0
16.89209,12,0,0,0.0,32.115083999997296,1.814205000300717,32.14185299975725,0.2844444444444445,300,0,0,165,0.9803030303030303,0
16.9232,12,0,0,0.0,31.077446999915992,1.8135509999410715,31.109184000342793,0.283499446290144,301,0,0,167,0.9730538922155688,0
16.9541,12,0,0,0.0,30.849737000153254,1.7720050000207266,30.888211999808846,0.282560706401766,302,0,0,153,0.9750816993464052,0
16.98483,11,0,0,0.0,30.699071000071854,1.6951500001596287,30.725232000349934,0.2838283828382838,303,0,0,154,0.9732142857142857,0
17.01626,11,0,0,0.0,31.403596000018297,1.6890560000319965,31.429735000074288,0.2828947368421053,304,0,0,156,0.9651442307692307,0
17.04707,11,0,0,0.0,30.770231000133208,1.6481309999107907,30.797679999977845,0.28196721311475414,305,0,0,157,0.9633757961783439,0
17.07791,11,0,0,0.0,30.81185800010644,1.655780999954004,30.840209999951185,0.28104575163398693,306,0,0,158,0.961629746835443,0
17.10934,11,0,0,0.0,31.391347000408132,1.7029579998961708,31.42124199985119,0.28013029315960913,307,0,0,158,0.9659810126582279,0
17.14066,11,0,0,0.0,31.28394900022613,1.7482200000813464,31.316901999616675,0.27922077922077926,308,0,0,159,0.9642295597484277,0
17.17191,11,0,0,0.0,31.210491999900114,1.6980159998638555,31.241001000125834,0.2783171521035599,309,0,0,160,0.9625,0
17.20329,11,0,0,0.0,31.34251699975721,1.7238460000044142,31.369295999866154,0.2774193548387097,310,0,0,161,0.9607919254658385,0
17.23621,11,0,0,0.0,32.882694999898376,1.6986650002763781,32.919716000378685,0.2765273311897106,311,0,0,162,0.9591049382716049,0
17.26687,11,0,0,0.0,30.620612000348046,1.7039129998011049,30.651233999833494,0.27564102564102566,312,0,0,143,0.9602272727272727,0
17.29675,10,0,0,0.0,29.852237999875797,1.531904999865219,29.87353999969855,0.29808306709265175,313,0,0,143,0.9645979020979021,0
17.32704,10,0,0,0.0,30.253210999944713,1.5303370000765426,30.27391300020099,0.29713375796178343,314,0,0,143,0.9689685314685315,0
17.35698,10,0,0,0.0,29.918556999746215,1.5162549998422037,29.938781000055315,0.2961904761904762,315,0,0,143,0.9733391608391608,0
17.38673,10,0,0,0.0,29.717255999912595,1.5376649998870562,29.7430959999474,0.29525316455696204,316,0,0,125,0.976,0
17.41679,9,0,0,0.0,30.03660900003524,1.4035140002306434,30.058974999974453,0.3158079214861549,317,0,0,126,0.972718253968254,0
17.44705,9,0,0,0.0,30.233443999804877,1.4402490000975376,30.259594999733963,0.31481481481481477,318,0,0,126,0.9771825396825397,0
17.47679,9,0,0,0.0,29.707962999964366,1.4856399998279812,29.73556999995708,0.3138279345175897,319,0,0,127,0.9739173228346457,0
17.50711,9,0,0,0.0,30.28462900010709,1.4853269999548502,30.308841000078246,0.3128472222222223,320,0,0,128,0.970703125,0
17.53715,9,0,0,0.0,29.995467999924585,1.4628920002905943,30.02779999997074,0.3118726202838352,321,0,0,122,0.9656762295081968,0
17.56706,8,0,0,0.0,29.88894200007053,1.3728209996770602,29.90846500006228,0.2682453416149069,322,0,0,122,0.9697745901639344,0
17.59722,8,0,0,0.0,30.131214999983058,1.3746499998887884,30.151668000144127,0.26741486068111453,323,0,0,122,0.9738729508196722,0
17.62774,8,0,0,0.0,30.490555000142194,1.3841670001966122,30.519258999902377,0.2665895061728395,324,0,0,123,0.970020325203252,0
17.65807,8,0,0,0.0,30.29469800003426,1.4132989999779966,30.322932999752084,0.26576923076923076,325,0,0,124,0.9662298387096774,0
17.68839,8,0,0,0.0,30.283221999980015,1.424210000095627,30.312247999972897,0.2649539877300614,326,0,0,125,0.9625,0
17.71803,8,0,0,0.0,29.60850199997367,1.4062529999137041,29.633382000156416,0.26414373088685017,327,0,0,126,0.9588293650793651,0
17.74814,8,0,0,0.0,30.088449999766453,1.4126569999461935,30.110159999821917,0.2633384146341463,328,0,0,126,0.9627976190476191,0
17.77804,8,0,0,0.0,29.863967999972374,1.4090029999351827,29.88448199994309,0.26253799392097266,329,0,0,126,0.966765873015873,0
17.80834,8,0,0,0.0,30.27462399995784,1.4021860001776076,30.296366000129638,0.2617424242424242,330,0,0,126,0.970734126984127,0
17.83836,8,0,0,0.0,30.002404000242677,1.4008390003255045,30.0226899998961,0.2609516616314199,331,0,0,126,0.9747023809523809,0
17.86821,8,0,0,0.0,29.821957999956794,1.42769199965187,29.846067000107723,0.26016566265060237,332,0,0,126,0.9786706349206349,0
17.8986,8,0,0,0.0,30.348235000019486,1.446804000352131,30.376439000065147,0.2593843843843844,333,0,0,127,0.9749015748031497,0
17.92896,8,0,0,0.0,30.325709999942774,1.4562669998667843,30.355152000083763,0.25860778443113774,334,0,0,127,0.9788385826771654,0
17.95851,8,0,0,0.0,29.513873000269086,1.4710559999002726,29.544913999870914,0.25783582089552237,335,0,0,128,0.97509765625,0
17.98882,8,0,0,0.0,30.277083999862953,1.4350720002767048,30.30621300013081,0.25706845238095233,336,0,0,129,0.9714147286821705,0
18.01911,8,0,0,0.0,30.248895999648084,1.4452919999712321,30.28342600009637,0.25630563798219586,337,0,0,117,0.9722222222222222,0
18.049,7,0,0,0.0,29.861261999940325,1.3517690003936877,29.886535000059666,0.23076923076923073,338,0,0,117,0.9759615384615384,0
18.07908,7,0,0,0.0,30.045130000416975,1.3514130000658042,30.069967999679648,0.23008849557522126,339,0,0,117,0.9797008547008547,0
18.10909,7,0,0,0.0,29.9772620001022,1.356565000151022,30.004164000274613,0.22941176470588232,340,0,0,118,0.9751059322033898,0
18.13894,7,0,0,0.0,29.819885000051727,1.3656030000674946,29.84593200017116,0.22873900293255134,341,0,0,119,0.9705882352941176,0
18.16884,7,0,0,0.0,29.865185000289785,1.351649999833171,29.892300000028627,0.22807017543859653,342,0,0,120,0.9661458333333334,0
18.19856,7,0,0,0.0,29.681365999749687,1.3563319998866064,29.708740999922156,0.2274052478134111,343,0,0,121,0.9617768595041323,0
18.23089,7,0,0,0.0,32.299016999786545,1.3670009998349997,32.322086000021955,0.2267441860465116,344,0,0,121,0.9653925619834711,0
18.26139,7,0,0,0.0,30.46365499994863,1.3895560000491969,30.496513999878516,0.22608695652173916,345,0,0,112,0.9681919642857143,0
18.2911,6,0,0,0.0,29.680727000140905,1.2616210001397121,29.704203000164853,0.1642581888246628,346,0,0,112,0.9715401785714286,0
18.32085,6,0,0,0.0,29.72679699996661,1.2599320002664172,29.74778799989508,0.16378482228626323,347,0,0,112,0.9748883928571429,0
18.35029,6,0,0,0.0,29.409336999833613,1.2501440000960429,29.431859999931476,0.16331417624521072,348,0,0,112,0.9782366071428571,0
18.37999,6,0,0,0.0,29.67658499983372,1.2644630000977486,29.700150999815378,0.1628462273161414,349,0,0,112,0.9815848214285714,0
18.40982,6,0,0,0.0,29.79839699992226,1.274319000003743,29.820282999935444,0.1623809523809524,350,0,0,112,0.9849330357142857,0
18.43896,6,0,0,0.0,29.108305999670847,1.2951850003446452,29.1332879996844,0.16191832858499522,351,0,0,113,0.9795353982300885,0
18.46862,6,0,0,0.0,29.62294100007057,1.264510000055452,29.647880000084115,0.16145833333333337,352,0,0,114,0.9742324561403509,0
18.49837,6,0,0,0.0,29.729127999871707,1.259033000224008,29.749541000001045,0.16100094428706324,353,0,0,114,0.9775219298245614,0
18.52796,6,0,0,0.0,29.56481499995789,1.2682789997597865,29.588547999992443,0.16054613935969864,354,0,0,114,0.9808114035087719,0
18.55771,6,0,0,0.0,29.716073000145116,1.2891279998257232,29.738939000253595,0.16009389671361507,355,0,0,114,0.9841008771929824,0
18.58731,6,0,0,0.0,29.566817000159062,1.2605150000126741,29.590547000225342,0.15964419475655434,356,0,0,115,0.9788043478260869,0
18.61725,6,0,0,0.0,29.91287500026374,1.2710339997283882,29.936765000002197,0.1591970121381886,357,0,0,116,0.9735991379310345,0
18.64758,6,0,0,0.0,30.298527000013564,1.279737999993813,30.328300000292074,0.1587523277467412,358,0,0,117,0.968482905982906,0
18.67654,6,0,0,0.0,28.913659999943775,1.2651410002035846,28.944806999788852,0.15831012070566386,359,0,0,100,0.965625,0
18.70606,5,0,0,0.0,29.49602800026696,1.1243979997743736,29.52149400016424,0.14166666666666672,360,0,0,82,0.9725609756097561,0
18.73525,4,0,0,0.0,29.1657299999315,1.0265959999742336,29.184440999870276,0.11634349030470914,361,0,0,82,0.975609756097561,0
18.76437,4,0,0,0.0,29.08668800000669,1.0071450001305493,29.114184000263776,0.11602209944751385,362,0,0,36,0.9774305555555556,0
18.79305,2,0,0,0.0,28.652318000240484,0.702613999692403,28.669323999565677,0.06166666666666665,300,0,0,36,0.9809027777777778,0
18.8218,2,0,0,0.0,28.73383299993293,0.7046250002531451,28.750418000072386,0.06146179401993357,301,0,0,36,0.984375,0
18.85088,2,0,0,0.0,29.050053999981174,0.7127359999685723,29.067685999962123,0.0612582781456954,302,0,0,36,0.9878472222222222,0
18.87908,2,0,0,0.0,28.17801099990902,0.7165520000853576,28.196017000027496,0.06105610561056107,303,0,0,36,0.9913194444444444,0
18.90916,2,0,0,0.0,30.052952999994886,0.730691000171646,30.07230699995489,0.06085526315789469,304,0,0,37,0.9679054054054054,0
18.93791,2,0,0,0.0,28.73360000012326,0.727961999928084,28.752395000083197,0.060655737704918056,305,0,0,37,0.9712837837837838,0
18.967,2,0,0,0.0,29.062213000088377,0.741858000310458,29.080782000164618,0.06045751633986929,306,0,0,37,0.9746621621621622,0
18.99587,2,0,0,0.0,28.84463999998843,0.7409499999084801,28.860874000201875,0.06026058631921827,307,0,0,37,0.9780405405405406,0
19.02462,2,0,0,0.0,28.72827999999572,0.7159790002333466,28.743928000039887,0.06006493506493504,308,0,0,37,0.981418918918919,0
19.05312,2,0,0,0.0,28.47761300017737,0.6806080000387738,28.495687000031467,0.05987055016181231,309,0,0,38,0.9588815789473685,0
19.08185,2,0,0,0.0,28.712550999898667,0.7124489998204808,28.729348000069876,0.05967741935483872,310,0,0,38,0.962171052631579,0
19.11012,2,0,0,0.0,28.24434400008613,0.7236019996526011,28.261294000003545,0.059485530546623755,311,0,0,38,0.9654605263157895,0
19.13898,2,0,0,0.0,28.842005000115023,0.7218470000225352,28.86025200041331,0.059294871794871806,312,0,0,38,0.96875,0
19.16789,2,0,0,0.0,28.88135900002453,0.7416680000460474,28.899385000386246,0.0591054313099042,313,0,0,38,0.9720394736842105,0
19.19713,2,0,0,0.0,29.220591000012064,0.7277910003722354,29.24190199973964,0.05891719745222934,314,0,0,38,0.975328947368421,0
19.22899,2,0,0,0.0,31.82524099975126,0.8617709995633049,31.846608000250853,0.058730158730158744,315,0,0,38,0.9786184210526315,0
19.25899,2,0,0,0.0,29.975920999731898,0.8197390002351312,29.996010000104434,0.05854430379746833,316,0,0,38,0.9819078947368421,0
19.28812,2,0,0,0.0,29.10830700011502,0.7533210000474355,29.128105999916443,0.05835962145110407,317,0,0,38,0.9851973684210527,0
19.31718,2,0,0,0.0,29.02864799989402,0.7411820001834712,29.046141999970132,0.05817610062893086,318,0,0,38,0.9884868421052632,0
19.34534,2,0,0,0.0,28.144063000127062,0.7348180001827131,28.161335999811854,0.057993730407523536,319,0,0,38,0.9917763157894737,0
19.37419,2,0,0,0.0,28.82306499986953,0.7305439999072405,28.841930999988108,0.057812500000000044,320,0,0,39,0.969551282051282,0
19.40307,2,0,0,0.0,28.848219999872526,0.7250690000546456,28.872096000213787,0.05763239875389403,321,0,0,18,0.9895833333333334,0
19.42713,1,0,0,0.0,24.03657100012424,0.6037919997652352,24.055770999893866,0.0,285,0,0,18,0.9930555555555556,0
19.45114,1,0,0,0.0,23.976302999926702,0.6281480000325246,23.995633999675192,0.0,286,0,0,18,0.9965277777777778,0
19.47514,1,0,0,0.0,23.97249300020121,0.6228860002011061,23.99025700015045,0.0,287,0,0,18,1.0,0
19.49905,1,0,0,0.0,23.88701400013815,0.6227540002328169,23.906009999791422,0.0,288,0,0,19,0.9506578947368421,0
19.52295,1,0,0,0.0,23.877962999904412,0.6154279999464052,23.894058999758272,0.0,289,0,0,19,0.9539473684210527,0
19.54673,1,0,0,0.0,23.762325000006967,0.6280229999902076,23.778885999945487,0.0,290,0,0,19,0.9572368421052632,0
19.57053,1,0,0,0.0,23.77397899999778,0.5743520000578428,23.78984400002082,0.0,291,0,0,19,0.9605263157894737,0
19.59421,1,0,0,0.0,23.65663799992035,0.5745369999203831,23.6731290001444,0.0,292,0,0,19,0.9638157894736842,0
19.61799,1,0,0,0.0,23.766697000155546,0.5987689996800327,23.781765999956406,0.0,293,0,0,19,0.9671052631578947,0
19.64186,1,0,0,0.0,23.84880299996439,0.5946460000814113,23.864986000262434,0.0,294,0,0,19,0.9703947368421053,0
19.66599,1,0,0,0.0,24.10437600019577,0.6063999999241787,24.1199450001659,0.0,295,0,0,19,0.9736842105263158,0
19.6897,1,0,0,0.0,23.6808640001982,0.6597320002583729,23.701916999925743,0.0,296,0,0,0,0.0,0
