t_s,batch,n_prefill,prefilling,prefill_tokens,prefill_ms,decode_ms,gather_ms,iteration_ms,padding_waste,context_max,waiting,preempted,kv_blocks_used,kv_slot_utilization,wasted_decode_tokens
0.0282,0,1,1,256,28.13071599939576,0.0,0.0,28.186702000311925,0.0,0,0,0,90,0.17777777777777778,0
0.05841,0,0,1,256,30.178353999872343,0.0,0.0,30.208750999918266,0.0,0,0,0,90,0.35555555555555557,0
0.08962,0,0,1,256,31.165974000032293,0.0,0.0,31.193193000035535,0.0,0,0,0,90,0.5333333333333333,0
0.12063,0,0,1,256,30.977534000157902,0.0,0.0,31.007065000267175,0.0,0,0,0,90,0.7111111111111111,0
0.15249,0,0,1,256,31.825025999751233,0.0,0.0,31.857522999416688,0.0,0,0,0,90,0.8888888888888888,0
0.23804,1,1,1,256,57.44000199956645,28.045920000295155,2.116917000421381,85.54147400082002,0.0,1424,2,0,144,0.6671006944444444,0
0.29376,1,2,3,256,29.78237099978287,25.87176900033228,1.0426210001241998,55.710439999529626,0.0,1425,1,0,257,0.436284046692607,0
0.34804,1,1,4,256,28.985173999899416,25.23304999976972,1.024418999804766,54.270077999717614,0.0,1426,0,0,315,0.40694444444444444,0
0.43901,2,0,3,256,56.902688999798556,34.02194199952646,3.137380999760353,90.95860799970978,0.20147161878065878,1427,0,0,315,0.4581349206349206,0
0.50112,2,1,4,256,30.65975899971818,31.386718000248948,1.4245530001062434,62.09898599990993,0.2013305322128851,1428,0,0,371,0.43244609164420483,0
0.56269,2,1,5,256,30.347396000252047,31.17509100047755,1.4202030006345012,61.57372999950894,0.20118964310706788,1429,0,0,407,0.4338144963144963,0
0.62621,2,0,5,256,30.689242999869748,32.78185700037284,1.475023999773839,63.506444999802625,0.20104895104895104,1430,0,0,407,0.47343366093366096,0
0.68984,2,1,6,256,32.10720900005981,31.4601109994328,1.4620399997511413,63.621876999604865,0.2009084556254368,1431,0,0,475,0.4396052631578947,0
0.77984,3,0,5,256,57.44890999994823,32.50955400017119,2.4092150006254087,89.99254100035614,0.18854748603351956,1432,0,0,475,0.47368421052631576,0
0.84349,3,0,5,256,31.200158000501688,32.41204799996922,2.0165350006209337,63.64924500030611,0.18841591067690155,1433,0,0,475,0.5077631578947368,0
0.93288,4,0,4,256,56.801564999659604,32.53922200019588,2.6614859998517204,89.37259200047265,0.2867852161785216,1434,0,0,475,0.5419736842105263,0
0.99551,4,0,4,256,29.49962700040487,33.08485300021857,2.3647629996048636,62.623836000057054,0.28658536585365857,1435,0,0,476,0.5749737394957983,0
1.06191,4,1,5,256,30.29428499939968,36.044290000063484,2.3931169998832047,66.40840699947148,0.28638579387186625,1436,0,0,536,0.5409281716417911,0
1.12564,4,0,5,256,30.785046000346483,32.88624299966614,2.383052999903157,63.70608900033403,0.2861864996520529,1437,0,0,536,0.5712453358208955,0
1.22101,5,0,4,256,60.77590099994268,34.55124199990678,3.1899799996608635,95.36687899981189,0.3015299026425591,1438,0,0,536,0.601679104477612,0
1.28622,5,0,4,256,32.263150999824575,32.89571299956151,2.8502919994934928,65.20302899934904,0.301320361362057,1439,0,0,537,0.6309357541899442,0
1.35082,5,0,4,256,31.20427900012146,33.34590699978435,2.82152700037841,64.59446799999569,0.3011111111111111,1440,0,0,538,0.6600836431226765,0
1.44387,6,0,3,256,58.0341770000814,34.967179999512155,3.681320999930904,93.04649600017001,0.3143650242886884,1441,0,0,538,0.6905204460966543,0
1.51009,6,0,3,256,31.72671199990873,34.432949999427365,3.3884849999594735,66.19939400025032,0.31414701803051315,1442,0,0,538,0.720957249070632,0
1.57542,6,0,3,256,31.115781999687897,34.17356499994639,3.683782999360119,65.33298199974524,0.3139293139293139,1443,0,0,539,0.75,0
1.67026,7,0,2,256,58.97793099939008,35.8013300001403,4.044864000206871,94.82920699974784,0.35595567867036015,1444,0,0,539,0.7804962894248608,0
1.73718,7,0,2,256,32.48905599957652,34.38447600001382,3.658194999843545,66.91593200048374,0.35570934256055364,1445,0,0,539,0.8109925788497218,0
1.80277,7,1,3,256,31.24196299995674,34.2718669999158,3.6568900004567695,65.57650300055684,0.35546334716459194,1446,0,0,606,0.7484529702970297,0
1.86759,7,0,3,256,31.05315100037842,33.720544999596314,3.5984040005132556,64.80943599945022,0.3552176917760884,1447,0,0,606,0.7755775577557755,0
1.96229,8,0,2,256,59.51813600040623,35.13395500067418,4.541469999821857,94.69250200072565,0.3419371546961326,1448,0,0,606,0.8028052805280528,0
2.02737,8,0,2,256,30.65857000001415,34.37778200077446,4.063662999215012,65.07471399982023,0.3417011732229124,1449,0,0,606,0.83003300330033,0
2.09398,8,0,2,256,31.35104600005434,35.21430299952044,4.126026999983878,66.60724600078538,0.3414655172413793,1450,0,0,606,0.8572607260726073,0
2.16085,8,0,2,256,31.62110900029802,35.19408500051213,4.187893000562326,66.86372500007565,0.3412301860785665,1451,0,0,609,0.8801313628899836,0
2.25527,9,1,2,256,57.82297899986588,36.52416299973993,5.0050830004693125,94.41073700054403,0.3411386593204775,1452,1,0,681,0.811398678414097,0
2.32128,9,1,3,256,30.824681999547465,35.11102199991001,4.630340000403521,66.00146999971912,0.34090387703601743,1453,0,0,760,0.7488486842105263,0
2.38842,9,0,3,256,30.753930999708246,36.32986800039362,4.72548600009759,67.13261700042494,0.3406694176983035,1454,0,0,760,0.7706414473684211,0
2.4565,9,1,4,256,32.441435000691854,35.53621499941073,4.636723000658094,68.07248199947935,0.3404352806414662,1455,0,0,805,0.7481366459627329,0
2.55407,10,1,4,256,59.97571900024923,37.51024599932862,5.54994199956127,97.55693199986126,0.3340659340659341,1456,0,0,861,0.7187862950058072,0
2.63286,10,1,5,256,35.933527999986836,42.782206000083534,7.079624000652984,78.78449000054388,0.3338366506520247,1457,0,0,906,0.7014348785871964,0
2.69842,10,0,5,256,30.742625999664597,34.76847100046143,5.0434749991836725,65.5544640003427,0.3336076817558299,1458,0,0,906,0.7197847682119205,0
2.76505,10,1,6,256,31.092696999621694,35.44878000047902,5.048672999691917,66.61891300063871,0.33337902673063746,1459,0,0,999,0.6694194194194194,0
2.85941,11,0,5,256,58.1310890001987,36.1738419996982,5.979766000564268,94.34952100036753,0.32222914072229136,1460,0,0,999,0.6861236236236237,0
2.92556,11,0,5,256,30.403010000554787,35.69635700023355,5.675343999428151,66.14322699988406,0.3220085868956506,1461,0,0,999,0.7028278278278278,0
2.99166,11,0,5,256,30.749702000321122,35.2879860001849,5.51547700069932,66.09815599949798,0.32178833478423086,1462,0,0,1001,0.7180944055944056,0
3.05769,11,0,5,256,31.106546000046364,34.87028400013514,5.592319000243151,66.02687200029322,0.3215683837693407,1463,0,0,1002,0.7340319361277445,0
3.12385,11,1,6,256,30.49447000012151,35.58423899994523,5.572054000367643,66.14333400011674,0.32134873323397917,1464,0,0,1073,0.7010135135135135,0
3.21774,12,1,6,256,56.740366999292746,37.08279300008144,6.5464459994473145,93.88793500056636,0.30614334470989757,1465,1,0,1132,0.679273409893993,0
3.2839,12,1,7,256,29.941179000161355,36.134234000201104,6.080967000343662,66.1451969999689,0.30593451568894947,1466,0,0,1227,0.6403321108394459,0
3.35149,12,0,7,256,30.537028000253486,36.984766000387026,6.550559000061185,67.57311700039281,0.3057259713701431,1467,0,0,1230,0.6523882113821138,0
3.44519,13,2,8,256,56.438614999933634,37.17309700004989,6.85389899990696,93.68761899986566,0.32288828337874664,1468,1,0,1337,0.612752430815258,0
3.51219,13,1,9,256,29.97323699946719,36.923583000316285,6.4986320003299625,66.98922499981563,0.32266848196051734,1469,0,0,1431,0.5842505241090147,0
3.57905,13,1,10,256,30.24323000045115,36.54116500001692,6.487192999884428,66.84953900003165,0.3224489795918367,1470,0,0,1494,0.5708668005354752,0
3.67287,14,1,10,256,56.523936000303365,37.21601199958968,7.363568000073428,93.81844700055808,0.3293677770224337,1471,0,0,1535,0.5666123778501628,0
3.74057,14,0,10,256,30.27755699986301,37.352710999584815,6.971220000195899,67.68838700008928,0.3291440217391305,1472,0,0,1537,0.5768542615484711,0
3.80844,14,0,10,256,30.235421999350365,37.57826800028852,6.920400999661069,67.86420800017368,0.32892057026476573,1473,0,0,1538,0.5874512353706112,0
3.9034,15,1,10,256,56.47793000025558,38.399639999624924,7.668289999855915,94.9470140003541,0.34219810040705567,1474,0,0,1614,0.5702834572490706,0
3.97135,15,2,12,256,29.577852000329585,38.28716599946347,7.3220949998358265,67.95179500022641,0.34196610169491526,1475,0,0,1702,0.5507491186839013,0
4.03872,15,0,12,256,29.550713999924483,37.75604000020394,7.312248000744148,67.35270699937246,0.3417344173441734,1476,0,0,1702,0.5607006462984724,0
4.10661,15,0,12,256,29.71144399998593,38.13012299997354,7.343487000071036,67.89014000059979,0.3415030467163168,1477,0,0,1702,0.5706521739130435,0
4.17477,15,1,13,256,29.85075099968526,38.226191999456205,7.749291000436642,68.1501519993617,0.34127198917456025,1478,0,0,1750,0.5646785714285715,0
4.24348,15,0,13,256,31.228610000653134,37.41826600071363,7.362199999988661,68.70287200035818,0.3410412440838404,1479,0,0,1751,0.5740291262135923,0
4.33898,16,0,12,256,57.273489000181144,38.167724999766506,8.249819000411662,95.48621000067214,0.3203125,1480,0,0,1751,0.5837378640776699,0
4.40609,16,1,13,256,29.31470800012903,37.7367110004343,7.841811000616872,67.10928000029526,0.3200962187711006,1481,0,0,1808,0.574737278761062,0
4.47304,16,2,15,256,29.35399500074709,37.51803999966796,7.80671699976665,66.93770899983065,0.31988022941970307,1482,0,0,1930,0.5472150259067358,0
4.53988,16,0,15,256,29.623498000546533,37.16432800047187,7.877183999880799,66.8286869995427,0.31966453135536077,1483,0,0,1933,0.5551603724780134,0
4.63493,17,1,15,256,55.559755000103905,39.4138000001476,9.413189000042621,95.05708899996534,0.3148485809418107,1484,0,0,1988,0.5483840543259557,0
4.70252,17,0,15,256,29.44146599929809,38.07702599988261,8.49184399976366,67.570089999208,0.31463656169538523,1485,1,0,1989,0.5566867772750126,0
4.77144,17,0,15,256,29.675069999939296,39.20102099982614,8.457800000542193,68.9252319998559,0.3144248278046077,1486,1,0,1989,0.5652652086475616,0
4.83942,17,0,15,256,30.46417899986409,37.44955799993477,8.474285000374948,67.96430200029135,0.3142133786937774,1487,2,0,1992,0.5729794176706827,0
4.93595,18,0,14,256,56.513874999836844,39.9608289999378,9.373693000270578,96.53063299992937,0.3173536439665472,1488,2,0,1994,0.5809929789368105,0
5.00737,18,0,14,256,30.710311999428086,40.64348900010373,9.016210000481806,71.40911199985567,0.3171405119020969,1489,3,0,1995,0.5892857142857143,0
5.07785,18,0,14,256,30.19217800010665,40.229672999885224,9.394400000019232,70.47228000010364,0.31692766592095456,1490,4,0,1995,0.5978696741854637,0
5.14608,18,0,14,256,29.821733000062522,38.34544100027415,8.834016000037082,68.21536900042702,0.3167151054474998,1491,4,0,1997,0.6058462694041061,0
5.21406,18,0,14,256,29.702027999519487,38.23211199960497,8.755466999900818,67.97040200035553,0.31650282990765566,1492,4,0,1997,0.614421632448673,0
5.30776,19,0,13,256,53.877074000411085,39.782445000128064,9.855412000433716,93.70042199952877,0.3082060736772533,1513,4,0,1997,0.623028292438658,0
5.37664,19,0,13,256,29.175799000768166,39.64977600026032,9.858962000180327,68.87504199949035,0.3080025029548773,1514,4,0,2000,0.6306875,0
5.44596,19,0,13,256,29.43925100043998,39.82545899998513,9.567799999786075,69.31224799973279,0.30779920097272884,1515,5,0,2001,0.6389617691154422,0
5.51528,19,0,13,256,29.538415999923018,39.73219500039704,9.498069000073883,69.3135120000079,0.3075961671990002,1516,6,0,2001,0.6475512243878061,0
5.58414,19,0,13,256,29.700912999942375,39.10481099956087,9.522700000161421,68.84880699999485,0.3073934011032856,1517,6,0,2001,0.6561406796601699,0
5.67959,20,0,12,256,55.30426699988311,40.09603899976355,10.420752999380056,95.44580799956748,0.30503952569169956,1518,7,0,2001,0.6647613693153424,0
5.74796,20,0,12,256,29.194437000114704,39.121845999943616,10.061110000606277,68.36591699993733,0.30483870967741933,1519,7,0,2004,0.6723740019960079,0
5.84368,21,0,11,256,54.7401739995621,40.91657899971324,11.009122000359639,95.70425699985208,0.3196428571428571,1520,8,0,2006,0.680333998005982,0
5.91357,21,0,11,256,28.99056499973085,40.84833900014928,10.813200000484358,69.88619300045684,0.31943270404808866,1521,8,0,2009,0.6879355400696864,0
5.98257,21,0,11,256,29.016079000030004,39.94079400035844,10.339158000533644,69.00144599967462,0.31922282710718974,1522,8,0,2009,0.6965530114484818,0
6.0518,21,0,11,256,29.177174000324158,39.99462699994183,10.357541000303172,69.2137329997422,0.3190132257761936,1523,9,0,2012,0.7041190357852882,0
6.1209,21,0,11,256,29.017660000135947,40.03543199996784,10.357641000155127,69.09573800021462,0.31880389951256094,1524,10,0,2014,0.7120158887785502,0
6.19074,21,0,11,256,29.387120000137656,40.38497199962876,10.760301000118488,69.8211139997511,0.31859484777517566,1525,11,0,2015,0.7202543424317618,0
6.28677,22,0,10,256,54.35139699966385,41.628537999713444,11.479381999379257,96.02171599999565,0.3047777910163231,1526,12,0,2015,0.7288771712158809,0
6.35681,22,0,10,256,28.887176999887743,41.10266200041224,11.098381000010704,70.0339229997553,0.3045781984878252,1527,13,0,2017,0.7367687159147248,0
6.4292,22,0,10,256,29.259586000080162,43.07536499982234,11.663409999528085,72.38665300064895,0.3043788672060923,1528,15,0,2017,0.7453829945463559,0
6.50153,22,0,10,256,30.024898999727156,42.24393999993481,11.342019000039727,72.32318699971074,0.3041797966585409,1529,15,0,2017,0.7539972731779871,0
6.60422,23,0,9,256,58.11028200059809,44.50990500026819,12.270242999875336,102.68264899968926,0.3057971014492754,1530,15,0,2020,0.761509900990099,0
6.67727,23,0,9,256,29.324243000701244,43.65617400071642,11.913252999875112,73.04117399962706,0.30559736460966125,1531,16,0,2021,0.7697612568035626,0
6.77655,24,0,8,256,55.46558500009269,43.757051000284264,12.4659849998352,99.27348500059452,0.31753154917319404,1532,16,0,2021,0.7784203364670955,0
6.85009,24,0,8,256,29.32690600027854,44.123112999841396,12.800124000023061,73.52575799995975,0.3173244183518156,1533,16,0,2022,0.7866901582591493,0
6.92387,24,0,8,256,30.091954999988957,43.62995700012107,12.02079899940145,73.77612900017994,0.3171175575836592,1534,17,0,2023,0.7949518042511122,0
6.99657,24,0,8,256,29.099170999870694,43.53801200068119,12.030087999846728,72.68716099952144,0.31691096634093374,1535,18,0,2026,0.8024123889437315,0
7.06919,24,0,8,256,29.23255599944241,43.33523100012826,12.002797000604915,72.6133470006971,0.3167046440972222,1536,18,0,2028,0.8102502465483234,0
7.22002,25,0,7,256,56.172393999986525,94.58833699954994,60.1519219999318,150.82096599962824,0.3122186076772935,1537,18,0,2032,0.8172982283464567,0
7.29902,25,0,7,256,32.060982000075455,46.87594999995781,14.321331000246573,78.99967800040031,0.31201560468140443,1538,18,0,2034,0.8251290560471977,0
7.4073,26,0,6,256,58.27821899947594,49.91559999962192,15.73892899978091,108.27332799999567,0.32311191083120905,1539,20,0,2037,0.8325662739322534,0
7.48701,26,0,6,256,30.086719999417255,49.5525300002555,15.811655000106839,79.7033349999765,0.3229020979020979,1540,22,0,2040,0.8399816176470588,0
7.56417,26,0,6,256,29.339873000026273,47.74845500014635,14.465338000263728,77.15362199996889,0.3226925572804872,1541,23,0,2041,0.8482055365017148,0
7.67295,27,0,5,256,57.76104699998541,50.94507099965995,15.886950000094657,108.76294799982134,0.32903396262669937,1542,23,0,2041,0.8568716315531603,0
7.75164,27,0,5,256,28.92941600021004,49.686972000017704,14.993019000030472,78.69052099977125,0.3288207196178681,1543,26,0,2043,0.8646904062652961,0
7.83106,27,0,5,256,30.278344999715046,49.07336599990231,14.779896000618464,79.41185499930725,0.32860775283055077,1544,26,0,2043,0.8733480176211453,0
7.94068,28,0,4,256,53.893091000645654,55.65860300066561,18.78266700077802,109.60876299941447,0.33546000924641706,1545,26,0,2043,0.8820362212432697,0
8.02147,28,0,4,256,28.807963999497588,51.91281200040976,14.915712999936659,80.78444700004184,0.3352430234707078,1546,27,0,2046,0.8894183773216031,0
8.1011,28,0,4,256,28.893730000163487,50.65822599954117,13.854844999514171,79.61538299969106,0.3350263182195955,1547,29,0,2047,0.8976551050317538,0
8.18056,28,0,4,256,29.1525359998559,50.22409399953176,13.873367000087455,79.44004300043161,0.33480989294942787,1548,30,0,2047,0.9063263312164143,0
8.28774,29,0,3,256,55.0799199991161,52.02724799983116,14.860248000331922,107.16724600024463,0.33759266267447297,1549,32,0,2049,0.914134943875061,0
8.36901,29,0,3,256,28.520574999674864,52.6757509996969,14.401202000044577,81.2613540001621,0.3373748609566185,1550,32,0,2050,0.9223780487804878,0
8.45162,29,0,3,256,29.44805799961614,53.09316500006389,14.862666999761132,82.60581100057607,0.3371573400920429,1551,32,0,2053,0.9297065270336093,0
8.53393,29,0,3,256,29.90707899971312,52.306065000266244,14.542203999553749,82.3006370001167,0.33694009953785997,1552,32,0,2055,0.9374695863746959,0
8.64415,30,0,2,256,56.365917999755766,53.77632799991261,15.607643000294047,110.21355000048061,0.33771195535522647,1553,32,0,2059,0.9443297717338514,0
8.72694,30,0,2,256,29.455405000589963,53.237318999890704,14.996958000665472,82.7758460000041,0.3374946374946375,1554,32,0,2062,0.9516246362754607,0
8.81099,30,0,2,256,29.57426799912355,54.40704500051652,15.459491000001435,84.05413200034673,0.33727759914255095,1555,32,0,2065,0.9588983050847457,0
8.92282,31,0,1,256,56.72287699962908,55.027434999828984,15.90861800013954,111.81708100048127,0.33877187163114686,1556,32,0,2068,0.9661810928433269,0
9.00743,31,0,1,256,30.12564900018333,54.40512299992406,15.518493999479688,84.60190099958709,0.3385542917521288,1557,32,0,2069,0.9743837602706622,0
9.09316,31,0,1,256,30.221218000406225,55.446059000132664,15.498587999900337,85.7275540001865,0.338336991179759,1558,32,0,2069,0.9830534074432092,0
9.17905,31,0,1,256,30.045348000385275,55.7684639998115,15.8580349998374,85.88551400043798,0.33811996937656474,1559,32,0,2071,0.9907653307580879,0
9.26619,32,0,0,51,30.300520000309916,56.753562000267266,16.720605000045907,87.1289489996343,0.34132612179487176,1560,32,0,2071,0.9932701593433124,0
9.32194,32,0,0,0,0.0002729993866523728,55.671924999842304,16.06668400017952,55.74234800042177,0.341107463164638,1561,32,0,2072,0.9937560328185329,0
9.37773,32,0,0,0,0.0003510003807605244,55.73402299978625,16.06081199952314,55.78574799983471,0.34088908450704225,1562,32,0,2076,0.9928046724470135,0
9.43459,32,0,0,0,0.0002659999154275283,56.8038900000829,16.528207000192197,56.85001500023645,0.34067098528470885,1563,32,0,2077,0.9932896003851709,0
9.49012,32,0,0,0,0.0002939996193163097,55.47089999981836,15.859975999774178,55.525201000818925,0.3404531649616368,1564,32,0,2077,0.9942525276841598,0
9.54619,32,0,0,0,0.0003059994924115017,56.0049199993955,16.302304999953776,56.06009399980394,0.3402356230031949,1565,32,0,2080,0.9937800480769231,0
9.60367,32,0,0,0,0.00026399993657832965,57.42215699956432,16.562165000323148,57.474304000606935,0.34001835887611753,1566,32,0,2081,0.9942635752042287,0
9.66085,32,0,0,0,0.000291999640467111,57.11933000020508,16.20423500025936,57.17077200006315,0.33980137204850036,1567,32,0,2085,0.9933153477218225,0
9.71702,32,0,0,0,0.00029900002118665725,56.09324099987134,16.003687000193167,56.14622700068139,0.33958466198979587,1568,32,0,2087,0.9933217537134643,0
9.87286,32,0,0,0,0.000279999767371919,155.7790010001554,114.3193269999756,155.83160599999246,0.33936822817080947,1569,32,0,2091,0.9923780487804879,0
9.93078,32,0,0,0,0.0002769993443507701,57.86692500078061,17.594075000488374,57.91832299928501,0.3391520700636943,1570,32,0,2094,0.9919114135625597,0
9.9906,32,0,0,0,0.00029600050766021013,59.76056899999094,18.834900000001653,59.811561000060465,0.33893618714194784,1571,32,0,2097,0.9914461134954697,0
10.04842,32,0,0,0,0.000267999894276727,57.763030000387516,17.589342999599467,57.81564900007652,0.3387205788804071,1572,32,0,2100,0.9909821428571428,0
10.10595,32,0,0,0,0.000279999767371919,57.464001999505854,17.569462999745156,57.51888799932203,0.3385052447552448,1573,32,0,2101,0.9914623988576868,0
10.16719,32,0,0,0,0.0002499991751392372,61.19169300018257,19.68992199999775,61.23969899999793,0.3382901842439644,1574,32,0,2101,0.9924143265111851,0
10.22641,32,0,0,0,0.00027000078262062743,59.16097000044829,17.634034999900905,59.214778999375994,0.3380753968253968,1575,32,0,2103,0.9924215406562055,0
10.28538,32,0,0,0,0.00029900002118665725,58.90628799988917,18.304211999748077,58.95369900008518,0.33786088197969544,1576,32,0,2103,0.9933725630052306,0
10.34477,32,0,0,0,0.00028800059226341546,59.330774000045494,19.07301200026268,59.38174200036883,0.33764663918833226,1577,32,0,2104,0.9938509980988594,0
10.40295,32,0,0,0,0.0004260000423528254,58.12509299994417,17.640384999140224,58.18175800050085,0.33743266793409377,1578,32,0,2108,0.99291389943074,0
10.46135,32,0,0,0,0.0002900005711126141,58.33310900015931,17.322184000477137,58.39545099934185,0.3372189677010766,1579,32,0,2109,0.993391417733523,0
10.52161,32,0,0,0,0.0002860006134142168,60.19604699940828,19.738754999707453,60.24657899979502,0.3370055379746836,1580,32,0,2109,0.9943397344713134,0
10.58025,32,0,0,0,0.0002879996827687137,58.57982399993489,18.50535499943362,58.63536299966654,0.33679237824161923,1581,32,0,2112,0.9938742897727273,0
10.6377,32,0,0,0,0.0002780006980174221,57.39381300008972,16.339028999937,57.4437229997784,0.33657948798988624,1582,32,0,2113,0.9943504495977283,0
10.69687,32,0,0,0,0.000273999830824323,59.10697099989193,17.801840999709384,59.16754499958188,0.3363668667087808,1583,32,0,2117,0.9934163911195087,0
10.75353,32,0,0,0,0.0002570004653534852,56.58521999976074,16.25200800026505,56.64741100008541,0.33615451388888884,1584,32,0,2119,0.9934226050023596,0
10.80888,32,0,0,0,0.0003790000846493058,55.28840199986007,16.062156999396393,55.34004500077572,0.33594242902208205,1585,32,0,2123,0.9924929345266132,0
10.86474,32,0,0,0,0.0002660008249222301,55.796673000259034,16.395447999457247,55.85587000041414,0.3357306116015133,1586,32,0,2126,0.9920331608654751,0
10.92082,32,0,0,0,0.00029900002118665725,56.03023700041376,16.101840999908745,56.07524100014416,0.3355190611216131,1587,32,0,2129,0.9915746829497417,0
10.9763,32,0,0,0,0.000267999894276727,55.41768700004468,16.06468499994662,55.4634559994156,0.3353077770780857,1588,32,0,2132,0.9911174953095685,0
11.03252,32,0,0,0,0.000285999703919515,56.16028100030235,16.591276000326616,56.219187999886344,0.33509675896790436,1589,32,0,2133,0.9915904828879513,0
11.08998,32,0,0,0,0.00026899942895397544,57.408073999795306,16.43466899986379,57.45387099977961,0.3348860062893082,1590,32,0,2133,0.992528129395218,0
11.14724,32,0,0,0,0.000285999703919515,57.20564100010961,16.242753000369703,57.253537999713444,0.33467551854179756,1591,32,0,2135,0.9925351288056206,0
11.20445,32,0,0,0,0.0002780006980174221,57.15938100001949,16.794133000075817,57.208481000088796,0.33446529522613067,1592,32,0,2135,0.9934718969555035,0
11.26066,32,0,0,0,0.00030199953471310437,56.13900099979219,16.40524699996604,56.19460399975651,0.3342553358443189,1593,32,0,2073,0.9940303907380608,0
11.34438,31,1,1,256,28.351226999802748,55.2689680007461,15.934762999677332,83.71499400072935,0.3327801837535921,1594,31,0,2159,0.9627431681333951,0
11.43195,31,0,1,256,31.228228000145464,56.234384999697795,16.184680999685952,87.5617149995378,0.3325715441399535,1595,31,0,2061,0.9694323144104804,0
11.51741,30,1,2,256,31.463823999729357,53.91150400009792,15.282334000403353,85.45528499962529,0.34302422723475356,1596,30,0,2112,0.9544862689393939,0
11.60044,30,0,2,256,29.49667699976999,53.46678099976998,15.141388999836636,83.02241899946239,0.34280943435608435,1597,30,0,2115,0.9615839243498818,0
11.68731,30,0,2,256,31.724956999823917,55.07276899970748,15.401681999719585,86.86138200027926,0.34259491030454736,1598,30,0,2116,0.9695770321361059,0
11.80077,31,0,1,256,56.65651399976923,56.70027199994365,15.932004999740457,113.4325599996373,0.3371865480441405,1599,30,0,2120,0.9762087264150944,0
11.88784,31,0,1,256,30.654136000521248,56.34311900030298,16.22779899935267,87.06638700004987,0.33697580645161296,1600,30,0,2122,0.9837417530631479,0
11.97415,31,0,1,256,31.09056499943108,55.141367000032915,15.803399000105856,86.29790699978912,0.3367653281215369,1601,30,0,2126,0.9903280809031044,0
12.06046,32,0,0,65,29.44046900029207,56.79594800039922,16.624623000097927,86.30211200033955,0.3416042446941323,1602,30,0,2130,0.9913145539906103,0
12.11824,32,0,0,0,0.0002710003172978759,57.7250649994312,16.70326000021305,57.77508299979672,0.34139114160948225,1603,30,0,2132,0.9913227016885553,0
12.17453,32,0,0,0,0.0002970000423374586,56.23271599961299,16.21043599971017,56.27820799963956,0.34117830423940154,1604,30,0,2134,0.9913308341143393,0
12.23062,32,0,0,0,0.00027900023269467056,56.03415000041423,16.163436000169895,56.09471100069641,0.34096573208722747,1605,30,0,2066,0.9919833010648597,0
12.31257,31,1,1,256,25.45775299950037,56.407113000204845,15.761130999635498,81.93854099954478,0.34136102518780376,1606,29,0,2110,0.9797985781990521,0
12.39949,31,0,1,256,29.427012000269315,57.41718599983869,16.094858000542445,86.91613400060305,0.34114860389023827,1607,29,0,2112,0.9873638731060606,0
12.48868,32,0,0,179,31.65181999975175,57.46566499965411,16.816614999697777,89.18128400000569,0.34810323383084574,1608,29,0,2112,0.9936079545454546,0
12.54566,32,0,0,0,0.00027199985197512433,56.91752599977917,16.595648000475194,56.9734900000185,0.3478868862647607,1609,29,0,2113,0.9940842404164695,0
12.60271,32,0,0,0,0.0002980004865094088,56.98640899936436,16.36435000000347,57.0462289997522,0.34767080745341616,1610,29,0,2117,0.9931506849315068,0
12.66005,32,0,0,0,0.0002920005499618128,57.278104000033636,16.340400999979465,57.32706300022983,0.34745499689633763,1611,29,0,2118,0.9936260623229461,0
12.71718,32,0,0,0,0.0002650003807502799,57.067904000177805,16.57429399983812,57.123807000607485,0.3472394540942928,1612,29,0,2118,0.9945703493862134,0
12.77464,32,0,0,0,0.0002570004653534852,57.391919999645324,16.582351000579365,57.45016100081557,0.347024178549287,1613,29,0,2121,0.9941065535124941,0
12.8331,32,0,0,0,0.000261999957729131,58.39958700016723,16.6451680006503,58.451908999813895,0.3468091697645601,1614,29,0,2123,0.9941121055110692,0
12.98174,32,0,0,0,0.0003029999788850546,148.58389500022895,89.0925089997836,148.6383149995163,0.346594427244582,1615,29,0,2127,0.9931828866948754,0
13.04284,32,0,0,0,0.0003559998731361702,61.037997000312316,19.55532400006632,61.09137899966299,0.34637995049504955,1616,29,0,2129,0.9931892907468295,0
13.10304,32,0,0,0,0.0002890001269406639,60.13828300001478,19.420949000050314,60.194658000000345,0.34616573902288184,1617,29,0,2133,0.9922644163150492,0
13.16477,32,0,0,0,0.00031699983082944527,61.66881300032401,20.372845000565576,61.7207019995476,0.34595179233621753,1618,29,0,2137,0.9913430042115114,0
13.22582,32,0,0,0,0.0002599999788799323,60.99613000060344,19.40975100023934,61.04882800082123,0.3457381099444101,1619,29,0,2139,0.9913510986442263,0
13.28629,32,0,0,0,0.00048199945013038814,60.401579000426864,19.29207899956964,60.45354000070802,0.34552469135802466,1620,29,0,2141,0.991359177954227,0
13.34958,32,0,0,0,0.000256000021181535,63.23356400025659,22.17280300010316,63.28185200072767,0.345311536088834,1621,29,0,2142,0.9918300653594772,0
13.41142,32,0,0,0,0.00026299949240637943,61.79149099989445,19.597321999754058,61.84218500038696,0.345098643649815,1622,29,0,2142,0.9927637721755369,0
13.4737,32,0,0,0,0.0002570004653534852,62.215820999881544,19.796275000771857,62.26554200020473,0.3448860135551448,1623,29,0,2144,0.9927705223880597,0
13.53654,32,0,0,0,0.0002540000423323363,62.78792499961128,21.550342999944405,62.836989000061294,0.34467364532019706,1624,29,0,2144,0.9937033582089553,0
13.59711,32,0,0,0,0.000256000021181535,60.515879000377026,19.712624000021606,60.569240000404534,0.3444615384615385,1625,29,0,2145,0.9941724941724942,0
13.657,32,0,0,0,0.00026899942895397544,59.83223499970336,19.01827899928321,59.88191899996309,0.34424969249692494,1626,29,0,2149,0.9932526756630992,0
13.71918,32,0,0,0,0.0002970000423374586,62.123688000610855,21.10140999957366,62.17568000010942,0.3440381069452981,1627,29,0,2150,0.9937209302325581,0
13.77804,32,0,0,0,0.00028100021154386923,58.77788399993733,18.020992999481678,58.853893000559765,0.34382678132678135,1628,29,0,2016,0.9946986607142857,0
13.86212,30,1,1,256,27.29508100037492,56.6540959998747,17.16675799980294,84.06827199996769,0.34346224677716386,1629,28,0,1931,0.9789293112377007,0
13.9477,28,1,2,256,30.251617000430997,55.23257599998033,16.170263000276464,85.57881900014763,0.34292287467134097,1630,27,0,2017,0.9459903321764997,0
14.0614,29,2,3,256,56.736185999398,56.85813199943368,16.569790000176,113.69025400017563,0.3498805471574452,1631,25,0,2110,0.9127369668246446,0
14.14779,29,0,3,256,30.671081000036793,55.63773099947866,16.57524799975363,86.37930100030644,0.3496661595672752,1632,25,0,2112,0.9203065814393939,0
14.23369,29,0,3,256,30.375923000065086,55.453332999604754,16.678822000358196,85.896061999847,0.3494520345461072,1633,25,0,2116,0.9269848771266541,0
14.32028,29,0,3,256,31.005904999801714,55.50739099999191,16.628727000352228,86.57923999999184,0.34923817161186843,1634,25,0,2121,0.9331977840641207,0
14.40843,29,0,3,256,32.252635000077134,55.82734200015693,16.562343999794393,88.1434109996917,0.3490245702836655,1635,25,0,2121,0.9415959453088166,0
14.49565,29,0,3,256,31.67283899983886,55.484667000200716,16.60125800026435,87.22138600023754,0.3488112300817806,1636,25,0,2122,0.9495464184731386,0
14.60998,30,0,2,256,57.4212349993104,56.83068700000149,17.307068000263826,114.32013099965843,0.34300549786194257,1637,25,0,2123,0.9575188412623645,0
14.69843,30,0,2,256,30.616684000051464,57.75633099983679,17.134005000116304,88.44340199993894,0.3427960927960928,1638,25,0,2123,0.9659385303815355,0
14.7888,30,0,2,256,31.87735200026509,58.40441300006205,17.273044999456033,90.36068499972316,0.34258694325808414,1639,25,0,2125,0.9734411764705883,0
14.90272,31,0,1,256,55.3250000002663,58.51081900073041,17.878716999803146,113.90221700003167,0.3478363493312352,1640,25,0,2126,0.981420507996237,0
14.99074,31,0,1,256,30.148470000312955,57.7589500007889,17.71222499974101,88.01201700043748,0.34762438324389144,1641,25,0,2058,0.9891885325558795,0
15.10662,31,1,1,256,57.743659999687225,58.05038800008333,17.780854000193358,115.88062800001353,0.35711759852265135,1642,24,0,2109,0.9737731152204836,0
15.19468,31,0,1,256,29.445070999827294,58.545204999973066,17.596898999727273,88.0523229998289,0.356900241493727,1643,24,0,2109,0.9822783309625415,0
15.28312,31,0,1,256,30.314306000036595,58.060979999936535,17.6029539998126,88.43376000004355,0.3566831488894121,1644,24,0,2109,0.9907835467045993,0
15.37383,32,0,0,133,30.66097099963372,59.963147999951616,18.72837500013702,90.70599599999696,0.36234802431610946,1645,24,0,2113,0.993788452437293,0
15.43435,32,0,0,0,0.00026999987312592566,60.45563900079287,18.18538899988198,60.51696499980608,0.36212788578371813,1646,24,0,2115,0.9937943262411347,0
15.49566,32,0,0,0,0.0002630004019010812,61.24673500016797,18.45507500001986,61.30078600017441,0.361908014571949,1647,24,0,2118,0.9933309726156752,0
15.55517,32,0,0,0,0.00030199953471310437,59.441286999572185,17.981066999709583,59.49587899976905,0.36168841019417475,1648,24,0,2121,0.9928689297501179,0
15.6145,32,0,0,0,0.0002950000634882599,59.27509000048303,18.298106000656844,59.32899300023564,0.3614690721649485,1649,24,0,2125,0.9919411764705882,0
15.67426,32,0,0,0,0.0002920005499618128,59.68982000013057,18.482017999303935,59.74243299988302,0.36124999999999996,1650,24,0,2130,0.9905516431924882,0
15.73428,32,0,0,0,0.000267999894276727,59.97105999995256,18.08308100044087,60.02049299968348,0.36103119321623256,1651,24,0,2130,0.9914906103286385,0
15.79375,32,0,0,0,0.0002910001057898626,59.414299999843934,18.074889000672556,59.46321200008242,0.36081265133171914,1652,24,0,2131,0.9919638667292351,0
15.85349,32,0,0,0,0.0002650003807502799,59.68518800000311,18.578784000055748,59.73713000003045,0.3605943738656987,1653,24,0,2132,0.9924366791744841,0
15.9139,32,0,0,0,0.0002599999788799323,60.348963999786065,18.203116000222508,60.41585099956137,0.3603763603385731,1654,24,0,2132,0.993374765478424,0
15.97473,32,0,0,0,0.00035700031730812043,60.7449680001082,18.058368999845698,60.79930200030503,0.3601586102719033,1655,24,0,2135,0.9929156908665105,0
16.03489,32,0,0,0,0.0003069999365834519,60.084106999966025,18.728044999988924,60.15785599993251,0.35994112318840576,1656,24,0,2032,0.9932640255905512,0
16.1169,31,1,1,256,25.068066000130784,56.846853000024566,17.31996199941932,82.01892400029465,0.360129190774352,1628,23,0,2095,0.9719570405727923,0
16.20148,31,0,1,256,27.83500100031233,56.66909699993994,17.196630999933404,84.55837899964536,0.35990811699241565,1629,23,0,2099,0.9786505478799429,0
16.28755,31,0,1,256,28.06725399932475,57.951843999944685,17.209122000167554,86.06634900024801,0.3596873144666535,1630,23,0,2099,0.9871962839447356,0
16.37782,32,0,0,221,30.36393899947143,59.84012299995811,17.801201999645855,90.26392499981739,0.36053418148375227,1631,23,0,2099,0.9947296331586469,0
16.43698,32,0,0,0,0.0002480001057847403,59.09604899989063,18.108859999301785,59.14929500067956,0.3603132659313726,1632,23,0,2103,0.9937886352829292,0
16.49583,32,0,0,0,0.0002879996827687137,58.79679800000304,17.979680000280496,58.84579699977621,0.3600926209430496,1633,23,0,2105,0.9937945368171022,0
16.55447,32,0,0,0,0.0002720007614698261,58.5799609998503,17.88856500024849,58.63126999975066,0.3598722460220318,1634,23,0,2109,0.9928579895685159,0
16.61434,32,0,0,0,0.000285999703919515,59.803641000144125,18.21016400026565,59.86479400053213,0.35965214067278284,1635,23,0,2111,0.9928647560397915,0
16.67334,32,0,0,0,0.0003150007614749484,58.911354000883875,17.830423000305018,58.99526499979402,0.35943230440097795,1636,23,0,2034,0.9920108161258604,0
16.75775,31,1,1,256,26.22503400016285,58.08439799966436,17.651023999860627,84.40448100009235,0.3638244625298047,1637,22,0,2134,0.9539304123711341,0
16.8457,31,0,1,256,29.900969999289373,57.97906200041325,17.15050999973755,87.93980800055579,0.3636023474733152,1638,22,0,2134,0.9623359887535146,0
16.93472,31,0,1,256,29.7418000000107,59.20664800032682,17.495103000328527,89.01822799998627,0.36338050345411244,1639,22,0,2135,0.9702868852459017,0
17.02201,31,0,1,256,29.132831999959308,58.06316300004255,17.55733699974371,87.27868000005401,0.36315892997639654,1640,22,0,2136,0.9782303370786517,0
17.10945,31,0,1,256,29.602772999169247,57.77068099996541,17.470879000029527,87.43868100009422,0.36293762654557604,1641,22,0,2136,0.986628043071161,0
17.20088,32,0,0,236,32.23236400026508,59.116655999787326,18.15033200000471,91.41834800084325,0.35377968940316684,1642,22,0,2139,0.9930750350631136,0
17.26052,32,0,0,0,0.0002860006134142168,59.55463600002986,18.196236999756366,59.624583999720926,0.35356436396835056,1643,22,0,2140,0.9935455607476635,0
17.31969,32,0,0,0,0.00028099930204916745,59.114072000738815,18.188676000136184,59.16536799941241,0.35334930048661806,1644,22,0,2141,0.9940156468939748,0
17.37885,32,0,0,0,0.0002950000634882599,59.09733499993308,18.102029000147013,59.14740400021401,0.35313449848024314,1645,22,0,2145,0.9930944055944056,0
17.43858,32,0,0,0,0.00026699945010477677,59.67234699983237,17.940672999429808,59.72421899969049,0.35291995747266103,1646,22,0,2146,0.9935636067101584,0
17.49839,32,0,0,0,0.0002970000423374586,59.765426999547344,17.88368200050172,59.80533399997512,0.3527056769884639,1647,22,0,2146,0.9944955731593662,0
17.55703,32,0,0,0,0.00028399972507031634,58.57715899946925,17.811292000260437,58.64007699983631,0.3524916565533981,1648,22,0,2098,0.9936844613918017,0
17.64029,31,1,1,256,25.59130300051038,57.56666100023722,17.526506000649533,83.2482149999123,0.3474833232261977,1649,21,0,2162,0.9725659111933395,0
17.72838,31,0,1,256,29.808858999786025,58.18223200003558,17.8694070000347,88.08502600004431,0.3472727272727273,1650,21,0,2020,0.9788985148514852,0
17.81378,29,2,3,256,29.23658800045814,56.07731000054628,16.650352000397106,85.40094999989378,0.34990288017711313,1651,19,0,2094,0.9528116045845272,0
17.92693,30,0,2,256,56.42741500014381,56.625385000188544,17.243476999283303,113.1355719999192,0.3515133171912833,1652,19,0,2098,0.9595150142993327,0
18.01237,30,0,2,256,28.933640000104788,56.41452399959235,17.01550899997528,85.43182500034163,0.3513006654567453,1653,19,0,2103,0.9657334759866857,0
18.10082,30,0,2,256,30.40414899987809,57.98214099922916,17.181053999593132,88.4439299998121,0.3510882708585248,1654,19,0,2103,0.9742332382310984,0
18.2139,31,0,1,256,54.766793999988295,58.2211750006536,16.204816000026767,113.07247100012319,0.3605886365851282,1655,19,0,2056,0.9823382782101168,0
18.30102,30,1,2,256,31.10876200025814,55.90561000008165,15.70447299945954,87.09978399929241,0.35420692431561995,1656,18,0,2112,0.9647549715909091,0
18.41463,31,0,1,256,57.35123399972508,56.19592499988357,15.922877999400953,113.60999199951038,0.3640664239686958,1657,18,0,2112,0.9732481060606061,0
18.50197,31,0,1,256,30.761438999434176,56.50214000070264,16.110573999867484,87.32641299957322,0.3638468422895833,1658,18,0,2114,0.9808124408703879,0
18.58905,31,0,1,256,30.177720000210684,56.80828900040069,15.955367999595182,87.07222500015632,0.3636275253261778,1659,18,0,2011,0.9886872202884137,0
18.7019,31,1,1,256,56.794654999976046,55.95378399993933,15.702564999628521,112.86186200049997,0.37862417411581806,1660,17,0,2083,0.9631240998559769,0
18.78779,31,0,1,256,29.706151000027603,56.097326999406505,16.008548000172595,85.86652299982234,0.37839622458293687,1661,17,0,2087,0.9698730234786775,0
18.87554,31,0,1,256,30.068226999901526,57.616662999862456,16.12809800008108,87.7462230000674,0.37816854935755595,1662,17,0,2088,0.9779992816091954,0
18.96315,31,0,1,256,30.183267999746022,57.36031099968386,15.764785000101256,87.59847300007095,0.37794114794483347,1663,17,0,2088,0.9865900383141762,0
19.05112,31,0,1,256,30.888739000147325,57.011345000319125,15.78251699993416,87.96608499960712,0.37771401985111663,1664,17,0,2092,0.9932779636711281,0
19.13662,32,0,0,1,26.572518000648415,58.85461500020028,17.21140799963905,85.49460700032796,0.375975975975976,1665,17,0,2094,0.9933142311365807,0
19.19494,32,0,0,0,0.00029599959816550836,58.22077500033629,16.44442499946308,58.307844000410114,0.37575030012004806,1666,17,0,2025,0.9933641975308642,0
19.27885,31,1,1,256,26.20861299965327,57.60020399975474,15.98555199961993,83.90629299992725,0.37718907831336956,1667,16,0,2007,0.9823430493273543,0
19.36537,30,1,2,256,30.215055000553548,56.22067799959041,15.836804000173288,86.52057100061938,0.3747202238209433,1668,15,0,2056,0.9676252431906615,0
19.4813,31,0,1,256,58.79338900012954,57.055925999520696,15.967252999871562,115.91812299957382,0.3830572682116006,1669,15,0,2060,0.9744538834951456,0
19.5702,31,0,1,256,30.862603000059607,57.949676999669464,15.788659999998345,88.8932730003944,0.382827892601893,1670,15,0,2012,0.9830703280318092,0
19.65821,30,1,2,256,30.78580500005046,57.13576899961481,15.469355999812251,88.00740700007736,0.37713943746259726,1671,14,0,2064,0.9669634205426356,0
19.77111,31,0,1,256,55.53427500035468,57.28145200009749,15.819956000086677,112.8871529999742,0.38358542985028554,1672,14,0,2065,0.975181598062954,0
19.85861,31,0,1,256,30.515727999954834,56.915086999651976,15.890793999460584,87.49730299950897,0.38335614985635236,1673,14,0,2066,0.9833918199419167,0
19.94682,31,0,1,256,31.060834000527393,57.05754900009197,16.07030700051837,88.2008879998466,0.38312714379311674,1674,14,0,2000,0.99159375,0
20.05766,31,1,1,256,53.58796599921334,57.158952000463614,15.809320999323973,110.83518899977207,0.3878093403948002,1675,13,0,2067,0.9681301402999516,0
20.14471,31,0,1,256,30.08058500017796,56.87662399941473,15.79884900002071,87.04823399966699,0.38757795057356226,1676,13,0,1989,0.9748931623931624,0
20.2306,30,1,2,256,30.249540000113484,55.53049300033308,15.303090999623237,85.8784599995488,0.3923673225998807,1677,12,0,1975,0.954873417721519,0
20.31629,29,1,3,256,30.193141999916406,55.40165200000047,14.757937000467791,85.67853099975764,0.39453783239488716,1678,11,0,2044,0.9313539628180039,0
20.43028,30,0,2,256,56.65366100038227,57.26011900060257,15.323043000535108,113.9748329997019,0.3936470121103831,1679,11,0,2044,0.9400990704500979,0
20.51658,30,0,2,256,30.236032999710005,55.99539699960587,15.30083099987678,86.29667900004279,0.39341269841269844,1680,11,0,2049,0.946528794533919,0
20.60284,30,0,2,256,30.692473000272003,55.47850799939624,15.308089999962249,86.2501820001853,0.39317866349395203,1681,11,0,2050,0.9547865853658537,0
20.71642,31,0,1,256,56.510780999815324,56.9534250007564,15.8002829994075,113.57012200005556,0.39589965862452536,1682,11,0,1985,0.9617443324937027,0
20.80284,30,1,2,256,30.030783000256633,56.30053499953647,15.330639000239898,86.41457900012028,0.3964943553178847,1683,10,0,2062,0.9344992725509215,0
20.88935,30,0,2,256,30.708671999491344,55.71996700018644,15.354861999185232,86.49865900042641,0.3962589073634204,1684,10,0,2066,0.9413419651500484,0
20.97494,30,0,2,256,30.07957899990288,55.42563199924189,15.193518000160111,85.58960000027582,0.3960237388724036,1685,10,0,2071,0.947700386286818,0
21.08839,31,0,1,256,55.34780900052283,58.03599800037773,15.813259999958973,113.44352100059041,0.39471166724065354,1686,10,0,2071,0.9563616610333172,0
21.17707,31,0,1,256,29.88133300004847,58.730327999910514,15.875043000050937,88.67951299998822,0.3944776947052412,1687,10,0,2072,0.9645571911196911,0
21.26437,31,0,1,256,30.086140999628697,57.13689299955149,15.822005000700301,87.28880699982255,0.39424399938847277,1688,10,0,2073,0.972744814278823,0
21.35265,31,0,1,256,30.66886400029034,57.52661499991518,16.301422000651655,88.27555300013046,0.3940105807979526,1689,10,0,2023,0.9807834898665349,0
21.43752,30,1,2,256,29.38284899937571,55.39864300044428,15.414761000101862,84.8590219993639,0.389447731755424,1690,9,0,2098,0.9542421353670162,0
21.54966,31,0,1,256,55.05538300076296,57.018829000298865,15.964104999511619,112.1316469998419,0.3865817134354552,1691,9,0,2099,0.9623332539304431,0
21.63562,31,0,1,256,29.1306330000225,56.76993599990965,15.862528999605274,85.95764300025621,0.38635323724548154,1692,9,0,2101,0.9699547834364588,0
21.72277,31,0,1,256,30.1091709998218,56.94698699971923,16.025061000618734,87.13863100001618,0.3861250309624069,1693,9,0,1997,0.9764334001001502,0
21.80626,30,1,2,256,29.97959999993327,53.40689999957249,14.985422999416187,83.48295399991912,0.3504464285714286,1568,8,0,1962,0.9673802242609582,0
21.8894,29,1,3,256,30.684077999467263,52.341246999276336,14.58426600038365,83.14181799960352,0.3523658820685259,1569,7,0,1940,0.9423324742268041,0
21.9994,29,1,3,256,57.65193099978205,52.23846699936985,14.480745999208011,109.98405600003025,0.3570832418185812,1570,6,0,2023,0.9124752842313396,0
22.08259,29,0,3,256,30.34689000014623,52.774615999624075,14.456204999987676,83.18772899929172,0.356855945038302,1571,6,0,2024,0.9208250988142292,0
22.19063,30,0,2,256,54.73664300006931,53.23395499999606,14.814475000093807,108.03467000005185,0.36683630195080574,1572,6,0,2025,0.9291975308641975,0
22.27325,30,0,2,256,29.597684999316698,52.934082000319904,14.77906099989923,82.61357500032318,0.36660309387582113,1573,6,0,1970,0.934739847715736,0
22.35665,29,1,3,256,29.804494000018167,53.50169299981644,14.786671000365459,83.39528900069126,0.3648731542741971,1574,5,0,2009,0.9254604280736685,0
22.44094,29,0,3,256,30.52030700018804,53.66601700006868,14.771320999898307,84.27675100028864,0.3646414887794198,1575,5,0,2012,0.9329336481113321,0
22.5502,30,0,2,256,55.980977000217536,53.208147999612265,14.825698000095144,109.25354900064121,0.3636209813874789,1576,5,0,2013,0.9413499751614506,0
22.63297,30,0,2,256,29.65456299989455,53.04670300029102,14.763850999770511,82.7693459996226,0.36339040372014375,1577,5,0,2015,0.9492866004962779,0
22.71698,30,0,2,256,31.209605999720225,52.726148999681755,14.771066000321298,83.9972960002342,0.36316011829319816,1578,5,0,2017,0.9572074863658899,0
22.80027,30,0,2,256,29.854662000616372,53.362526000455546,14.845320999484102,83.2879600002343,0.36293012455140383,1579,5,0,1945,0.964620822622108,0
22.88157,29,1,3,256,29.750326999419485,51.46506400069484,14.114796000285423,81.29202899999655,0.3659973810563073,1580,4,0,2029,0.9334647609659931,0
22.99285,30,0,2,256,57.869938999829174,53.33427599998686,15.011690999926941,111.27196599954914,0.36000421674045957,1581,4,0,2030,0.9418103448275862,0
23.07713,30,0,2,256,30.196276999959082,54.01146899930609,14.82960799967259,84.27664400005597,0.3597766540244416,1582,4,0,2032,0.9496801181102362,0
23.19009,31,0,1,256,56.982230999892636,55.89455400058796,15.390456000204722,112.9534239998975,0.36896052819269254,1583,4,0,2034,0.9575651425762045,0
23.27609,31,0,1,256,31.01970799980336,54.90954099968803,15.404472000227543,85.99176299958344,0.3687275985663082,1584,4,0,2035,0.9659090909090909,0
23.36179,31,0,1,256,30.5006089993185,55.12727399946016,15.889833999608527,85.69469800022489,0.36849496285743355,1585,4,0,2037,0.9737665684830633,0
23.44775,31,0,1,256,31.069063999893842,54.7971759997381,15.565030999823648,85.9528640003191,0.3682626205101086,1586,4,0,2041,0.9806467417932386,0
23.53369,31,0,1,256,30.88939100052812,54.97351899975911,15.38820800033136,85.93122299953393,0.36803057096977454,1587,4,0,2042,0.9889507835455436,0
23.6198,32,0,0,124,30.023952000192367,56.01709700022184,15.862900999309204,86.10690899968176,0.361716782115869,1588,4,0,2043,0.9932391091532061,0
23.67564,32,0,0,0,0.0003360000846441835,55.76827200002299,16.009181999834254,55.822739000177535,0.36148914411579613,1589,4,0,2046,0.9927602639296188,0
23.7321,32,0,0,0,0.00027799978852272034,56.40915599997243,15.803583999513648,56.45930300033797,0.3612617924528302,1590,4,0,2049,0.9922828208882382,0
23.78949,32,0,0,0,0.00045100023271515965,57.327913000335684,15.868380000028992,57.38063300032081,0.36103472658705216,1591,4,0,2053,0.9913236726741355,0
23.84589,32,0,0,0,0.000279999767371919,56.34032099987962,16.060642000411463,56.390079999800946,0.3608079459798995,1592,4,0,2054,0.9918147517039922,0
23.90151,32,0,0,0,0.0003100003596046008,55.54417999974248,15.989559999979974,55.59342499964259,0.360581450094162,1593,4,0,2056,0.9918227140077821,0
23.9571,32,0,0,0,0.00028999966161791235,55.52960100067139,15.861521999795514,55.58488499991654,0.36035523839397743,1594,4,0,2058,0.9918306608357629,0
24.01356,32,0,0,0,0.00030399951356230304,56.40321600003517,16.034450000006473,56.457661999957054,0.36012931034482754,1595,4,0,2059,0.9923203011170472,0
24.06951,32,0,0,0,0.00029900002118665725,55.87058500077546,16.167897999366687,55.94145400027628,0.3599036654135338,1596,4,0,1975,0.9927848101265823,0
24.14957,31,1,1,256,25.45159999954194,54.523349000191956,15.610157999617513,80.05812000010337,0.3663118346900438,1597,3,0,2018,0.9805190782953419,0
24.23479,31,0,1,256,29.64084500035824,55.49852300009661,15.488385000026028,85.20631400006096,0.3660826032540676,1598,3,0,2020,0.9884282178217821,0
24.32218,32,0,0,153,30.545937000169943,56.76052599937975,15.694135000558163,87.3808980004469,0.37267432770481546,1599,3,0,2022,0.9931688921859545,0
24.37921,32,0,0,0,0.00029799957701470703,56.97670500012464,16.275838999717962,57.029149000300094,0.37244140625,1600,3,0,2023,0.9936665842807711,0
24.43558,32,0,0,0,0.000279999767371919,56.30983199989714,15.909491999991587,56.362250999882235,0.37220877576514677,1601,3,0,2025,0.9936728395061728,0
24.49225,32,0,0,0,0.000291999640467111,56.60886900022888,15.955710000525869,56.662725000023784,0.3719764357053683,1602,3,0,2029,0.992699605717102,0
24.54938,32,0,0,0,0.0002690003384486772,57.03852199985704,15.903038999567798,57.11628100016242,0.3717443855271366,1603,3,0,1944,0.9927340534979424,0
24.63027,31,1,1,256,25.70768399982626,55.097430999921926,15.291884000362188,80.89162800024496,0.3790121470517255,1604,2,0,2031,0.9590411127523387,0
24.71488,31,0,1,256,28.849651999735215,55.65939600001002,15.722205999736616,84.60163700056,0.37877600241181786,1605,2,0,1942,0.9648880020597322,0
24.80022,30,1,2,256,30.08438999950158,55.14449899965257,14.849066999886418,85.33815800001321,0.3883561643835617,1606,1,0,2022,0.9355526706231454,0
24.88569,30,0,2,256,30.085031999988132,55.30262600041169,14.847652999378624,85.45462799975212,0.3881144990665837,1607,1,0,2025,0.9429938271604938,0
24.97017,30,0,2,256,30.487044999972568,53.927957999803766,14.65750500028662,84.47896500001661,0.38787313432835824,1608,1,0,2026,0.9513511846001974,0
25.08262,31,0,1,256,57.16456400023162,55.20673600040027,15.401537999423454,112.44578500009084,0.3801198901341246,1609,1,0,2028,0.959257889546351,0
25.16809,31,0,1,256,30.097915000624198,55.286416999479115,15.394259000458987,85.45368500017503,0.3798837908234822,1610,1,0,2030,0.9671490147783252,0
25.25438,31,0,1,256,30.088599000009708,56.13952099974995,15.714348000074096,86.29454000038095,0.3796479846218538,1611,1,0,2031,0.9755046774987691,0
25.34052,31,0,1,256,30.636049000349885,55.42517300000327,15.367488000265439,86.12946999983251,0.37941247098375086,1612,1,0,2032,0.9838521161417323,0
25.42653,31,0,1,256,30.4247280000709,55.49216600047657,15.505104000112624,86.00560200011387,0.37917724936503805,1613,1,0,1966,0.9919570193285859,0
25.5433,31,1,1,256,59.47700600063399,57.192969000425364,15.932387999782804,116.76334200001293,0.3757644801534956,1614,0,0,2056,0.9572592412451362,0
25.63179,31,0,1,256,31.39003199976287,57.02436699993996,15.714656000454852,88.47687799971027,0.37553180864875657,1615,0,0,2056,0.965983706225681,0
25.71847,31,0,1,256,30.771288000323693,55.83741900045425,15.54675799980032,86.67637500002456,0.37529942510380065,1616,0,0,2058,0.9737609329446064,0
25.80505,31,0,1,256,30.79211000022042,55.704548999528924,15.595203999509977,86.56730099937704,0.37506732898437967,1617,0,0,2060,0.9815230582524271,0
25.89255,31,0,1,256,31.608051999683084,55.812964999859105,15.611249999892607,87.49478899972019,0.3748355197575661,1618,0,0,2064,0.9883115310077519,0
25.98238,32,0,0,157,32.19799999988027,57.54371999955765,16.193903000385035,89.81742200012377,0.36698965410747375,1619,0,0,2066,0.9930723620522749,0
26.03941,32,0,0,0,0.0004080002327100374,56.96813799931988,16.190858999834745,57.02277599993977,0.3667631172839506,1620,0,0,2068,0.9930790618955513,0
26.09615,32,0,0,0,0.0003529994501150213,56.681240999751026,16.184011000405008,56.732199999714794,0.3665368599629858,1621,0,0,2071,0.9926062288749397,0
26.15418,32,0,0,0,0.0003119994289590977,57.97805200018047,16.15363999917463,58.03013500008092,0.36631088162762027,1622,0,0,2074,0.9921347637415622,0
26.21268,32,0,0,0,0.00039499991544289514,58.435760000065784,16.24388199979876,58.48626700026216,0.36608518176216887,1623,0,0,2077,0.9916646605681271,0
26.27157,32,0,0,0,0.0003180002750013955,58.83463000009215,17.352002999359684,58.88641099954839,0.36585975985221675,1624,0,0,2078,0.9921499037536092,0
26.33019,32,0,0,0,0.00030199953471310437,58.55803099984769,17.587119999916467,58.611086000382784,0.3656346153846154,1625,0,0,2081,0.991680682364248,0
26.38932,32,0,0,0,0.00035399989428697154,59.077324999634584,17.83108900053776,59.13659799989546,0.3654097478474785,1626,0,0,2083,0.99168867018723,0
26.45037,32,0,0,0,0.0003079994712607004,60.953131999667676,19.103159999758645,61.032452000290505,0.36518515673017826,1627,0,0,2005,0.9921758104738154,0
26.5101,31,0,0,0,0.00038100006349850446,59.66787099987414,19.296159999612428,59.71970800055715,0.36932313545216766,1628,0,0,2006,0.9926470588235294,0
26.56558,31,0,0,0,0.0004869998520007357,55.42462300036277,15.916670000478916,55.47125799967034,0.36909641775084656,1629,0,0,2007,0.9931178375685102,0
26.62169,31,0,0,0,0.0003079994712607004,56.06649599940283,15.501132000281359,56.10925800010591,0.36886997823075396,1630,0,0,2009,0.9930935788949726,0
26.67812,31,0,0,0,0.00027199985197512433,56.37931399996887,15.497661999688717,56.42533900027047,0.36864381638021404,1631,0,0,2009,0.9940579890492782,0
26.73345,31,0,0,0,0.00033400010579498485,55.277466000006825,15.433395000400196,55.3197019999061,0.36841793168880455,1632,0,0,2011,0.9940328194927897,0
26.78985,31,0,0,0,0.00028399972507031634,56.34856300002866,16.35792900015076,56.40119300005608,0.368192323647354,1633,0,0,2013,0.9940076999503229,0
26.84567,31,0,0,0,0.0006829995982116088,55.755944000338786,15.75507999950787,55.80825500055653,0.367966991747937,1634,0,0,2017,0.9929970252850768,0
26.90197,31,0,0,0,0.00035399989428697154,56.24867599999561,15.703858000051696,56.29735700040328,0.367741935483871,1635,0,0,2019,0.9929730064388311,0
26.95785,31,0,0,0,0.0003880004442180507,55.818784000621235,15.586330999212805,55.86966000009852,0.3675171543497121,1636,0,0,2021,0.9929490351311232,0
27.01397,31,0,0,0,0.00039199949242174625,56.05706200003624,15.859018999435648,56.109502999788674,0.3672926478412517,1637,0,0,2024,0.9924345355731226,0
27.07087,31,0,0,0,0.00031099989428184927,56.83839399989665,15.895682000518718,56.895785000051546,0.3670684154555123,1638,0,0,2026,0.9924111549851925,0
27.12878,31,0,0,0,0.00040400027501164004,57.830421999824466,15.87254900005064,57.903444000658055,0.3668444566907437,1639,0,0,2029,0.9918987185805815,0
27.18556,31,0,0,0,0.0006129994289949536,56.72098000013648,15.924039999845263,56.77263800043875,0.3666207710464201,1640,0,0,2030,0.9923645320197044,0
27.24223,31,0,0,0,0.00039199949242174625,56.59653499969863,16.09468399965408,56.65524500000174,0.36639735802323525,1641,0,0,2033,0.9918531726512543,0
27.29875,31,0,0,0,0.0004030007403343916,56.46491599964065,16.24091200028488,56.51367199970991,0.3661742171230993,1642,0,0,2035,0.9918304668304668,0
27.35561,31,0,0,0,0.0003300001480965875,56.77502500020637,15.98255099997914,56.85689099937008,0.3659513478491352,1643,0,0,1933,0.9920137092602173,0
27.40941,30,0,0,0,0.00041000021155923605,53.74121800014109,15.349315000094066,53.78929799917387,0.319560878243513,1503,0,0,1934,0.9924702688728024,0
27.46246,30,0,0,0,0.0004919993443763815,52.977782000198204,15.224588999444677,53.04672500005836,0.3193484042553192,1504,0,0,1840,0.993070652173913,0
27.5123,29,0,0,0,0.00029299917514435947,49.78594000021985,14.155558999846107,49.83672599973943,0.29697494349059783,1434,0,0,1842,0.9929763843648208,0
27.56349,29,0,0,0,0.0003579998519853689,51.11728600058996,14.714822999849275,51.17614499977208,0.296767992310465,1435,0,0,1842,0.9939603691639523,0
27.614,29,0,0,0,0.0004109997462364845,50.45769600019412,14.58738200017251,50.506936000601854,0.2965613293631736,1436,0,0,1843,0.9944045035268584,0
27.66395,29,0,0,0,0.00036900019040331244,49.89360199942894,14.463460000115447,49.942431999625114,0.29635495404698486,1437,0,0,1845,0.9943089430894309,0
27.71419,29,0,0,0,0.0005960000635241158,50.16112599969347,14.053147000595345,50.239031000273826,0.29614886576183397,1438,0,0,1788,0.9932186800894854,0
27.76358,28,0,0,0,0.00041300063458038494,49.330284999996366,13.9420040004552,49.380225999811955,0.2947979747840762,1439,0,0,1790,0.9930865921787709,0
27.8122,28,0,0,0,0.0003710001692525111,48.562558999947214,13.650126999891654,48.61018899919145,0.294593253968254,1440,0,0,1792,0.9929547991071429,0
27.86058,28,0,0,0,0.00037199970392975956,48.31289800040395,13.618795000184036,48.37891999977728,0.29438881728958066,1441,0,0,1737,0.9925518134715026,0
27.90566,27,0,0,0,0.000279999767371919,45.01248799988389,13.29209899995476,45.069691999742645,0.2914932963476653,1442,0,0,1682,0.9921224732461356,0
27.95005,26,0,0,0,0.00028700014809146523,44.348526999783644,12.743635999868275,44.38776299957681,0.28834159603390375,1443,0,0,1684,0.9919091448931117,0
27.99381,26,0,0,0,0.0003149998519802466,43.716752999898745,12.706034999609983,43.75506599990331,0.28814191348817386,1444,0,0,1685,0.9922848664688427,0
28.03745,26,0,0,0,0.00031899980967864394,43.58398499971372,12.656093000259716,43.6336239999946,0.28794250731966997,1445,0,0,1624,0.9914947660098522,0
28.08087,25,0,0,0,0.00032499974622623995,43.37311399922328,12.143875999754528,43.4195699999691,0.2873305670816044,1446,0,0,1626,0.9912361623616236,0
28.12586,25,0,0,0,0.0005869997039553709,44.90531800001918,12.704851999842504,44.9702720006826,0.28713199723565996,1447,0,0,1627,0.9915872771972957,0
28.17008,25,0,0,0,0.00027000078262062743,44.1759870000169,12.475765000090178,44.222683999578294,0.2869337016574586,1448,0,0,1627,0.9925476336816226,0
28.2135,25,0,0,0,0.00036599976738216355,43.36264100038534,12.43617899945093,43.40731100000994,0.28673567977915804,1449,0,0,1627,0.9935079901659496,0
28.25658,25,0,0,0,0.0003420000211917795,43.0263529997319,12.369281999781379,43.072654999377846,0.2865379310344828,1450,0,0,1629,0.9932473910374463,0
28.3012,25,0,0,0,0.0002690003384486772,44.57730299964169,12.594587999956275,44.621596000069985,0.2863404548587182,1451,0,0,1629,0.9942065684468999,0
28.3455,25,0,0,0,0.0004120001904084347,44.2422500000248,12.421070000527834,44.28813100003026,0.2861432506887053,1452,0,0,1630,0.9945552147239264,0
28.38869,25,0,0,0,0.00031899980967864394,43.12647200003994,12.491683999542147,43.184944999666186,0.28594631796283554,1453,0,0,1575,0.9944047619047619,0
28.43149,24,0,0,0,0.00029900002118665725,42.72662499988655,11.928936999538564,42.78557899942825,0.28189477303988997,1454,0,0,1534,0.9928699478487614,0
28.47507,23,0,0,0,0.00026999987312592566,43.52725399985502,12.152324000453518,43.57889899984002,0.2718063648588077,1455,0,0,1535,0.9931596091205211,0
28.51813,23,0,0,0,0.0004470002750167623,43.006023000089044,11.82256099946244,43.05333199954475,0.2716196846631629,1456,0,0,1537,0.99280253741054,0
28.56104,23,0,0,0,0.00039499991544289514,42.858057999183075,11.90120699993713,42.90458099967509,0.27143326072036045,1457,0,0,1539,0.9924463937621832,0
28.60296,23,0,0,0,0.00040099985199049115,41.86800800016499,11.692545000187238,41.91242700017028,0.27124709250313117,1458,0,0,1541,0.9920911745619727,0
28.64499,23,0,0,0,0.0003300001480965875,41.976570999395335,11.621268999988388,42.020077999950445,0.2710611794856512,1459,0,0,1543,0.9917368762151653,0
28.68832,23,0,0,0,0.0004000003173132427,43.27149499931693,11.84891599950788,43.32899400014867,0.27087552114353786,1460,0,0,1544,0.9920255829015544,0
28.7315,23,0,0,0,0.005310000233293977,43.11608099942532,11.770597000577254,43.17502899993997,0.2706901169538434,1461,0,0,1546,0.9916720569210866,0
28.774,23,0,0,0,0.0002819997462211177,42.44502699930308,11.71762900048634,42.4903009998161,0.2705049663950514,1462,0,0,1547,0.9919602456367163,0
28.81588,23,0,0,0,0.0005310002961778082,41.82718999982171,11.680155999783892,41.87389200069447,0.2703200689470713,1463,0,0,1548,0.9922480620155039,0
28.85807,23,0,0,0,0.00040200029616244137,42.12679800002661,11.680622000312724,42.18377100005455,0.27013542409123303,1464,0,0,1548,0.9931766795865633,0
28.9015,23,0,0,0,0.00031899980967864394,43.37607200068305,11.91242400000192,43.428943999970215,0.2699510313102834,1465,0,0,1548,0.9941052971576227,0
28.94444,23,0,0,0,0.0004889998308499344,42.875455000285,11.90593000046647,42.92243399959261,0.26976689008838006,1466,0,0,1550,0.99375,0
28.98687,23,0,0,0,0.0004990006345906295,42.383840000184136,11.798499000178708,42.425491000358306,0.26958299991108736,1467,0,0,1550,0.9946774193548387,0
29.02889,23,0,0,0,0.000523999915458262,41.97307400045247,11.697150000145484,42.01399300018238,0.26939936026537137,1468,0,0,1551,0.9949629271437782,0
29.0714,23,0,0,0,0.0006320005923043936,42.43717200006358,11.730776999684167,42.50234699975408,0.2692159706395951,1469,0,0,1553,0.994607211848036,0
29.11413,23,0,0,0,0.00043599993659881875,42.677685999478854,11.84440899942274,42.72612100066908,0.2690328305235138,1470,0,0,1557,0.9929752729608221,0
29.15735,23,0,0,0,0.0004749999789055437,43.15981199943053,11.897104000127001,43.21355200045218,0.26884993940827007,1471,0,0,1558,0.9932605905006419,0
29.2003,23,0,0,0,0.00038400048651965335,42.891537999821594,11.998592000054487,42.93699400022888,0.26866729678638945,1472,0,0,1560,0.9929086538461539,0
29.24244,23,0,0,0,0.00028399972507031634,42.06449299999804,11.771767000027467,42.118747999666084,0.26848490215177545,1473,0,0,1562,0.9925576184379001,0
29.28461,23,0,0,0,0.00033899959817063063,42.11466099968675,11.74955799979216,42.15839199969196,0.268302754999705,1474,0,0,1564,0.9922074808184144,0
29.32744,23,0,0,0,0.0003029999788850546,42.776991999744496,11.83034600035171,42.8235389999827,0.2681208548268239,1475,0,0,1566,0.9918582375478927,0
29.37154,23,0,0,0,0.00028100021154386923,44.046848000107275,12.514548999206454,44.092274999457004,0.2679392011311418,1476,0,0,1567,0.9921426292278238,0
29.41409,23,0,0,0,0.0003289997039246373,42.50903899992409,11.833399999886751,42.5531939999928,0.2677577934120279,1477,0,0,1569,0.9917941363926067,0
29.45785,23,0,0,0,0.0002910001057898626,43.70821399970737,11.831537999569264,43.750099999670056,0.26757663117020647,1478,0,0,1570,0.992078025477707,0
29.50117,23,0,0,0,0.00028999966161791235,43.261771999823395,12.035822000143526,43.31197400006204,0.26739571390775196,1479,0,0,1571,0.9923615531508593,0
29.545,23,0,0,0,0.00042800002120202407,43.76579800009495,12.028255000586796,43.82463399997505,0.2672150411280846,1480,0,0,1524,0.9931102362204725,0
29.58864,22,0,0,0,0.00037199970392975956,43.59043099975679,11.512951999975485,43.632396000248264,0.25676754035970784,1481,0,0,1524,0.9940124671916011,0
29.63171,22,0,0,0,0.0002659999154275283,43.01761999977316,11.527632000252197,43.055727999671944,0.25659428291007236,1482,0,0,1525,0.9942622950819672,0
29.67464,22,0,0,0,0.0003559998731361702,42.894811000223854,11.505593000038061,42.9359170002499,0.25642125911849445,1483,0,0,1525,0.9951639344262295,0
29.71752,22,0,0,0,0.0002970000423374586,42.82913599945459,11.458121000032406,42.871978000221134,0.2562484685126195,1484,0,0,1526,0.9954128440366973,0
29.76038,22,0,0,0,0.0005000001692678779,42.80980300063675,11.485812000501028,42.85423700002866,0.25607591062136514,1485,0,0,1528,0.9950098167539267,0
29.80328,22,0,0,0,0.0006330001269816421,42.845177999879525,11.64404800056218,42.89120999965235,0.2559035849749174,1486,0,0,1532,0.9933093994778068,0
29.8462,22,0,0,0,0.00026299949240637943,42.86455999954342,11.488129000099434,42.90714799935813,0.2557314911047258,1487,0,0,1533,0.9935583822570124,0
29.88916,22,0,0,0,0.0003969998942920938,42.91415199986659,11.456006999651436,42.961047000062536,0.25555962854349956,1488,0,0,1535,0.9931596091205211,0
29.93209,22,0,0,0,0.00040699978853808716,42.87285999998858,11.569346000214864,42.917433999718924,0.25538799682520297,1489,0,0,1537,0.9927618737800911,0
29.97599,22,0,0,0,0.00039600035961484537,43.85265299970342,12.37818800018431,43.8982270006818,0.2552165954850518,1490,0,0,1539,0.9923651721897336,0
30.0191,22,0,0,0,0.00029900002118665725,43.0577759998414,11.682721000397578,43.10203499971976,0.2550454240595086,1491,0,0,1541,0.9919695003244646,0
30.06231,22,0,0,0,0.0002830001903930679,43.14534900004219,11.682384999403439,43.20773600011307,0.2548744820862784,1492,0,0,1461,0.9923425735797399,0
30.10493,21,0,0,0,0.00038100006349850446,42.53233500003262,11.253571999986889,42.59385699970153,0.2601345963703633,1493,0,0,1463,0.9918831168831169,0
30.14778,21,0,0,0,0.00032499974622623995,42.80293000010715,10.997590999977547,42.84884000026068,0.25996047682794676,1494,0,0,1464,0.9921021174863388,0
30.19005,21,0,0,0,0.00029799957701470703,42.218072000650864,11.121491999801947,42.262070999640855,0.25978659022137285,1495,0,0,1465,0.992320819112628,0
30.23231,21,0,0,0,0.0003790000846493058,42.21683100058726,10.984481000377855,42.25732200029597,0.2596129360835243,1496,0,0,1465,0.9932167235494881,0
30.2756,21,0,0,0,0.0003139994078082964,43.23144299996784,11.976839999988442,43.26985300031083,0.25943951394853193,1497,0,0,1465,0.9941126279863481,0
30.31779,21,0,0,0,0.0003240002115489915,42.14236999996501,11.03824199981318,42.18769300041458,0.2592663233517706,1498,0,0,1466,0.9943298090040927,0
30.36078,21,0,0,0,0.0005880001481273212,42.93934300039837,11.091105000559764,42.98010999991675,0.2590933638298548,1499,0,0,1466,0.995225102319236,0
30.4029,21,0,0,0,0.0003619998096837662,42.07351300010487,11.234589000196138,42.13169400009065,0.2589206349206349,1500,0,0,1467,0.9954413769597819,0
30.44535,21,0,0,0,0.00037000063457526267,42.37481600011961,10.946564000732906,42.42658899966045,0.2587481361631928,1501,0,0,1469,0.9949795779441797,0
30.48748,21,0,0,0,0.0003420000211917795,42.0755499999359,11.178646999724151,42.12255200036452,0.25857586709783775,1502,0,0,1473,0.9931687033265445,0
30.52938,21,0,0,0,0.0003909999577444978,41.846930000247085,11.06241500019678,41.898412000591634,0.25840382726610267,1503,0,0,1474,0.9933853459972863,0
30.57135,21,0,0,0,0.0002750002749962732,41.914147999705165,11.117769000520639,41.95697700015444,0.25823201621073966,1504,0,0,1476,0.9929285230352304,0
30.61328,21,0,0,0,0.0007910002750577405,41.87900200031436,11.104647999673034,41.932209999686165,0.25806043347571583,1505,0,0,1478,0.9924729364005412,0
30.65538,21,0,0,0,0.0003899995135725476,42.03945300014311,11.14308100022754,42.08990700044524,0.25788907860621013,1506,0,0,1479,0.9926893171061528,0
30.69717,21,0,0,0,0.0003939994712709449,41.7406979995576,11.05553300021711,41.78504300034547,0.25771795114860807,1507,0,0,1481,0.9922349763673194,0
30.73867,21,0,0,0,0.00038300004234770313,41.448422000030405,11.009642000317399,41.493073999845365,0.2575470506504989,1508,0,0,1482,0.9924510796221323,0
30.78159,21,0,0,0,0.0003790000846493058,42.86320800019894,12.082330999874102,42.908849000014015,0.2573763766606709,1509,0,0,1484,0.9919979784366577,0
30.82345,21,0,0,0,0.0003879995347233489,41.80727599941747,11.200527000255533,41.85187499933818,0.2572059287291075,1510,0,0,1485,0.9922138047138047,0
30.86494,21,0,0,0,0.00026099951355718076,41.41040800004703,11.136931999317312,41.48747299950628,0.2570357064069837,1511,0,0,1409,0.9925035486160397,0
30.90652,20,0,0,0,0.00025200006348313764,41.51790000014444,10.87942899994232,41.57578600006673,0.26008597883597884,1512,0,0,1325,0.9934905660377359,0
30.94743,19,0,0,0,0.00037800054997205734,40.85983699951612,10.16060199981439,40.89487199962605,0.267332243364525,1513,0,0,1325,0.9943867924528302,0
30.98819,19,0,0,0,0.0003790000846493058,40.7148859994777,10.095050000018091,40.75886000009632,0.2671556698880623,1514,0,0,1326,0.9945324283559578,0
31.02849,19,0,0,0,0.000291999640467111,40.25290500067058,10.020567000537994,40.293019999808166,0.2669793295118985,1515,0,0,1326,0.9954279788838613,0
31.06953,19,0,0,0,0.00030800038075540215,40.98714900010236,9.992252999836637,41.03205200044613,0.26680322177475346,1516,0,0,1327,0.9955727204220045,0
31.11008,19,0,0,0,0.0003059994924115017,40.49492099966301,9.997089000535198,40.54193899992242,0.26662734621656314,1517,0,0,1329,0.9949680210684725,0
31.15101,19,0,0,0,0.000711000211595092,40.88495299947681,10.167182999794022,40.928193000581814,0.2664517023784758,1518,0,0,1333,0.9928732183045762,0
31.19171,19,0,0,0,0.00038300004234770313,40.646360000209825,10.193219000029785,40.688996000426414,0.2662762898028481,1519,0,0,1334,0.9930191154422788,0
31.23267,19,0,0,0,0.0003320001269457862,40.91555899958621,10.243886000353086,40.959455000120215,0.26610110803324105,1520,0,0,1336,0.9924214071856288,0
31.27387,19,0,0,0,0.0003710001692525111,41.14896999999473,10.22124300016003,41.193334000126924,0.26592615661441577,1521,0,0,1338,0.9918254857997011,0
31.31427,19,0,0,0,0.0004180001269560307,40.35164600009011,10.082678999424388,40.39361699960864,0.26575143509233,1522,0,0,1339,0.9919716206123973,0
31.35634,19,0,0,0,0.0002970000423374586,42.02035799971782,10.06519800012029,42.07101100018917,0.26557694301413415,1523,0,0,1340,0.9921175373134329,0
31.39742,19,0,0,0,0.0005410001904238015,41.031489000488364,10.050821000731958,41.07184300028166,0.2654026799281669,1524,0,0,1340,0.9930037313432836,0
31.43856,19,0,0,0,0.00028399972507031634,41.079703999457706,10.143767000045045,41.12771400014026,0.26522864538395163,1525,0,0,1342,0.9924087183308494,0
31.48003,19,0,0,0,0.0005330002750270069,41.38459299974784,10.325690000172472,41.46158000003197,0.26505483893219284,1526,0,0,1178,0.9927843803056027,0
31.51887,16,0,0,0,0.0003850000211969018,38.79533300005278,8.864506999998412,38.83664399927511,0.23411918795022924,1527,0,0,1179,0.9927905004240882,0
31.5599,16,0,0,0,0.0003969998942920938,40.988452000419784,8.948071999839158,41.04282300068007,0.2339659685863874,1528,0,0,1179,0.9936386768447837,0
31.59989,16,0,0,0,0.0003730001481017098,39.891635000458336,8.904659999643627,39.930074000039895,0.23381294964028776,1529,0,0,1179,0.9944868532654793,0
31.63971,16,0,0,0,0.00041600014810683206,39.76186999989295,8.823714999380172,39.818023000407265,0.2336601307189542,1530,0,0,1180,0.9944915254237288,0
31.67967,16,0,0,0,0.0003760005711228587,39.911887999551254,8.774386000368395,39.95601200040255,0.23350751143043758,1531,0,0,1180,0.9953389830508474,0
31.7197,16,0,0,0,0.0003320001269457862,39.97563600023568,8.89371600078448,40.02235499956441,0.23335509138381205,1532,0,0,1181,0.9953429297205758,0
31.76041,16,0,0,0,0.0006990003384999,40.66259000046557,8.87419399987266,40.70105699975102,0.23320287018917152,1533,0,0,1183,0.9945054945054945,0
31.79914,16,0,0,0,0.0004109997462364845,38.68653800054744,8.74778100023832,38.724749000721204,0.23305084745762716,1534,0,0,1185,0.9936708860759493,0
31.83721,16,0,0,0,0.00030399951356230304,38.022204999833775,8.711446999768668,38.05998000007094,0.23289902280130292,1535,0,0,1186,0.9936762225969646,0
31.87594,16,0,0,0,0.00032000025385059416,38.690395999765315,8.678799000335857,38.72641799989651,0.23274739583333337,1536,0,0,1188,0.9928451178451179,0
31.91454,16,0,0,0,0.0003390005076653324,38.555111000277975,8.725075000256766,38.59087700038799,0.2325959661678595,1537,0,0,1189,0.9928511354079058,0
31.95329,16,0,0,0,0.0003149998519802466,38.70588500012673,8.763144000113243,38.740076999602024,0.23244473342002603,1538,0,0,1190,0.9928571428571429,0
31.99255,16,0,0,0,0.000267999894276727,39.21747300046263,8.774820000326145,39.261956999325776,0.23229369720597792,1539,0,0,1191,0.9928631402183039,0
32.03142,16,0,0,0,0.00033699961932143196,38.81923200060555,8.79474300018046,38.861156000166375,0.2321428571428571,1540,0,0,1191,0.9937027707808564,0
32.07097,16,0,0,0,0.00034599997889017686,39.50224999971397,8.864908000759897,39.5448959998248,0.23199221284879945,1541,0,0,1193,0.9928751047778709,0
32.11077,16,0,0,0,0.0003619998096837662,39.75918000014644,9.01777699982631,39.801823999368935,0.2318417639429312,1542,0,0,1194,0.9928810720268006,0
32.14918,16,0,0,0,0.0003079994712607004,38.331427999764855,8.824523999464873,38.40220500023861,0.23169151004536614,1543,0,0,1052,0.9925142585551331,0
32.1885,14,0,0,0,0.00036900019040331244,39.25128700029745,8.671550000144634,39.30588499952137,0.2271465581051073,1544,0,0,974,0.9932623203285421,0
32.22666,13,0,0,0,0.0006000000212225132,38.11413899984473,7.407339999190299,38.15122400010296,0.22932536718944485,1545,0,0,974,0.9940965092402464,0
32.26556,13,0,0,0,0.0002950000634882599,38.85380800056737,7.608828999764228,38.896179999937885,0.22917703254055133,1546,0,0,975,0.9939102564102564,0
32.3048,13,0,0,0,0.0002830001903930679,39.19602600035432,7.416927000122087,39.23501099961868,0.22902888966237378,1547,0,0,975,0.9947435897435898,0
32.34324,13,0,0,0,0.00030499995773425326,38.39614200023789,7.43646700084355,38.43171100015752,0.22888093818326372,1548,0,0,975,0.995576923076923,0
32.38189,13,0,0,0,0.00030200044420780614,38.60125499977585,7.558004000202345,38.6436489998232,0.2287331777325321,1549,0,0,977,0.9943705220061413,0
32.41965,13,0,0,0,0.00029799957701470703,37.70033399996464,7.402696999633918,37.760868999612285,0.2285856079404467,1550,0,0,978,0.9941845603271984,0
32.45789,13,0,0,0,0.00029400052881101146,38.16583699972398,7.4114789995292085,38.22571100045025,0.22843822843822847,1551,0,0,885,0.9944209039548022,0
32.49516,12,0,0,0,0.0005920001058257185,37.2081680006886,6.81830999928934,37.26314100003947,0.243932560137457,1552,0,0,886,0.9941450338600452,0
32.53119,12,0,0,0,0.00030200044420780614,35.971305999737524,6.714070999805699,36.02226899965899,0.24377548830221074,1553,0,0,818,0.9937347188264058,0
32.56699,11,0,0,0,0.0005680003596353345,35.76597200026299,6.158004999633704,35.80323200003477,0.23914823914823913,1554,0,0,819,0.9933608058608059,0
32.60346,11,0,0,0,0.00033699961932143196,36.41883599993889,6.324878999294015,36.46017200026108,0.23899444606840103,1555,0,0,820,0.9929878048780488,0
32.63982,11,0,0,0,0.0002789993231999688,36.322236999694724,6.395320000592619,36.358415999529825,0.23884085066604344,1556,0,0,820,0.9938262195121951,0
32.67627,11,0,0,0,0.000267999894276727,36.40007299964054,6.310280999969109,36.438944000110496,0.2386874525602849,1557,0,0,822,0.9922445255474452,0
32.71255,11,0,0,0,0.0003269997250754386,36.21688899966102,6.333237999569974,36.272638999435,0.23853425137122186,1558,0,0,746,0.9912868632707775,0
32.74749,10,0,0,0,0.0003029999788850546,34.898101999715436,5.7147650004480965,34.93212699959258,0.24105195638229637,1559,0,0,746,0.9921246648793566,0
32.7835,10,0,0,0,0.0003199993443558924,35.9543289996509,5.721642000025895,36.00749699944572,0.24089743589743595,1560,0,0,678,0.9926253687315634,0
32.81937,9,0,0,0,0.00026099951355718076,35.82559099959326,5.320013000527979,35.86431200074003,0.23353975371912594,1561,0,0,678,0.9934550147492626,0
32.8557,9,0,0,0,0.0002769993443507701,36.27926999979536,5.342790999748104,36.31400399990525,0.2333902404324939,1562,0,0,678,0.9942846607669616,0
32.89148,9,0,0,0,0.00028100021154386923,35.73268999934953,5.308443999638257,35.77388499979861,0.23324091846164785,1563,0,0,678,0.9951143067846607,0
32.92687,9,0,0,0,0.0003160002961521968,35.34829599993827,5.245616000138398,35.38142799970956,0.23309178743961356,1564,0,0,678,0.9959439528023599,0
32.9622,9,0,0,0,0.0006000000212225132,35.282820999782416,5.267263999485294,35.319532999892544,0.23294284700035495,1565,0,0,679,0.9953055964653903,0
32.99745,9,0,0,0,0.0002939996193163097,35.21111900045071,5.267128000014054,35.24818299956678,0.23279409677877105,1566,0,0,680,0.9946691176470588,0
33.03228,9,0,0,0,0.00026999987312592566,34.78418299982877,5.301436999616271,34.82215099938912,0.23264553641069274,1567,0,0,680,0.9954963235294118,0
33.06793,9,0,0,0,0.0003069999365834519,35.59355699962907,5.383949999668403,35.644216999571654,0.2324971655328798,1568,0,0,681,0.9948604992657856,0
33.10249,9,0,0,0,0.0003029999788850546,34.51711100024113,5.194399000174599,34.55089599992789,0.23234898378301816,1569,0,0,682,0.9942265395894428,0
33.13694,9,0,0,0,0.0002970000423374586,34.41401599957317,5.191188999560836,34.445112000867084,0.2322009907997169,1570,0,0,683,0.9935944363103953,0
33.17151,9,0,0,0,0.0003210006980225444,34.53499799979909,5.159671999535931,34.565566000310355,0.23205318622250515,1571,0,0,684,0.9929641812865497,0
33.20628,9,0,0,0,0.0003529994501150213,34.7324620006475,5.307128999447741,34.76134999982605,0.23190556969182918,1572,0,0,684,0.9937865497076024,0
33.24176,9,0,0,0,0.00026299949240637943,35.44515300018247,5.296667000038724,35.481265999806055,0.2317581408490499,1573,0,0,686,0.9917091836734694,0
33.27824,9,0,0,0,0.0002819997462211177,36.43477100013115,5.33115899997938,36.47442100009357,0.2316108993364394,1574,0,0,687,0.99108442503639,0
33.31442,9,0,0,0,0.00027799978852272034,36.13272300026438,5.395811999733269,36.177078000037,0.23146384479717808,1575,0,0,687,0.9919032023289666,0
33.35053,9,0,0,0,0.00029599959816550836,36.060526999790454,5.353004999960831,36.09765700002754,0.23131697687535246,1576,0,0,687,0.992721979621543,0
33.38636,9,0,0,0,0.0002589995347079821,35.770716999650176,5.450016000395408,35.8196039996983,0.23117029521595156,1577,0,0,639,0.9939358372456965,0
33.42074,8,0,0,0,0.00030499995773425326,34.3345870005578,4.901319000055082,34.375561000160815,0.1950253485424588,1578,0,0,639,0.9947183098591549,0
33.45586,8,0,0,0,0.00031699983082944527,35.08088000035059,4.870794999987993,35.11831300056656,0.19490183660544647,1579,0,0,639,0.9955007824726134,0
33.49197,8,0,0,0,0.00034000004234258085,36.05809500004398,5.227370000284282,36.0974739996891,0.19477848101265827,1580,0,0,639,0.996283255086072,0
33.52698,8,0,0,0,0.0002970000423374586,34.96101400014595,4.9925220000659465,35.00020699993911,0.19465528146742572,1581,0,0,640,0.9955078125,0
33.56153,8,0,0,0,0.0003149998519802466,34.51366399986,4.958503999660024,34.547580999969796,0.19453223767383054,1582,0,0,641,0.9947347893915757,0
33.59557,8,0,0,0,0.0003130007826257497,33.996508000200265,4.929628000354569,34.02990199992928,0.1944093493367025,1583,0,0,641,0.9955148205928237,0
33.63041,8,0,0,0,0.00028399972507031634,34.77637000014511,4.928647000269848,34.840241999518184,0.19428661616161613,1584,0,0,588,0.9943664965986394,0
33.66554,7,0,0,0,0.0002830001903930679,35.07076000005327,4.5172710006227135,35.12143699936132,0.1568273997296079,1585,0,0,506,0.9941946640316206,0
33.70052,6,0,0,0,0.000372999238607008,34.93366399925435,4.029968000395456,34.968603999914194,0.15416141235813363,1586,0,0,506,0.9949357707509882,0
33.73487,6,0,0,0,0.0002659999154275283,34.31556099985755,4.048774000693811,34.352717999354354,0.15406427221172025,1587,0,0,506,0.9956768774703557,0
33.7688,6,0,0,0,0.0002780006980174221,33.887169000081485,3.9893630000733538,33.91774000010628,0.15396725440806047,1588,0,0,506,0.9964179841897233,0
33.80258,6,0,0,0,0.0006210002538864501,33.721855000294454,3.990985000200453,33.77521699985664,0.15387035871617372,1589,0,0,420,0.9918154761904762,0
33.83563,5,0,0,0,0.0002710003172978759,33.007299000018975,3.370037999957276,33.040724999409576,0.16163522012578613,1590,0,0,420,0.9925595238095238,0
33.86836,5,0,0,0,0.00036900019040331244,32.67250699991564,3.3416620008210884,32.71825499996339,0.16153362664990567,1591,0,0,340,0.9941176470588236,0
33.90157,4,0,0,0,0.0002890001269406639,33.1780879996586,2.7815840003313497,33.210911999958626,0.1507537688442211,1592,0,0,340,0.9948529411764706,0
33.93505,4,0,0,0,0.00029300008463906124,33.435567999731575,2.820126999722561,33.4700690000318,0.15065913370998119,1593,0,0,340,0.9955882352941177,0
33.96769,4,0,0,0,0.0005000001692678779,32.596338000075775,2.8037680003762944,32.6264679997621,0.15056461731493098,1594,0,0,340,0.9963235294117647,0
33.9998,4,0,0,0,0.0003289997039246373,32.082312000056845,2.7909139998882893,32.11334299976443,0.15047021943573669,1595,0,0,340,0.9970588235294118,0
34.0318,4,0,0,0,0.0002890001269406639,31.954670000232,2.7492729996083654,31.987106999622483,0.15037593984962405,1596,0,0,340,0.9977941176470588,0
34.06432,4,0,0,0,0.0002710003172978759,32.480538000527304,2.772750000076485,32.51298000031966,0.15028177833437695,1597,0,0,341,0.9956011730205279,0
34.09774,4,0,0,0,0.00041000021155923605,33.381868999640574,2.8539949998958036,33.42024100038543,0.15018773466833546,1598,0,0,342,0.993421052631579,0
34.12982,4,0,0,0,0.0007540002116002142,32.03754199967079,2.8424680003809044,32.07148899946333,0.150093808630394,1599,0,0,342,0.9941520467836257,0
34.16219,4,0,0,0,0.0003180002750013955,32.32693200061476,2.7901339999516495,32.358486999328306,0.15000000000000002,1600,0,0,343,0.9919825072886297,0
34.19444,4,0,0,0,0.00032800016924738884,32.213640000009036,2.768287999970198,32.2444359999281,0.1499063085571518,1601,0,0,343,0.9927113702623906,0
34.22655,4,0,0,0,0.0003089999154326506,32.07452900005592,2.7893830001630704,32.10649199991167,0.14981273408239704,1602,0,0,343,0.9934402332361516,0
34.25973,4,0,0,0,0.0002710003172978759,33.10401500039006,2.7841290002470487,33.175911999933305,0.1497192763568309,1603,0,0,245,0.9920918367346939,0
34.29278,3,0,0,0,0.000279999767371919,33.00228599982802,2.325892000044405,33.03795200008608,0.19181213632585203,1604,0,0,245,0.9928571428571429,0
34.32497,3,0,0,0,0.0003149998519802466,32.1516949998113,2.2735550001016236,32.18677099994238,0.19169262720664593,1605,0,0,245,0.9936224489795918,0
34.35733,3,0,0,0,0.00030499995773425326,32.31722500004253,2.189026999985799,32.34688200063829,0.19157326691573262,1606,0,0,245,0.9943877551020408,0
34.38864,3,0,0,0,0.0002830001903930679,31.27288299947395,2.2312330002023373,31.30088599937153,0.1914540551752748,1607,0,0,245,0.9951530612244898,0
34.4203,3,0,0,0,0.0003060004019062035,31.623629000023357,2.2013969992258353,31.655187000069418,0.19133499170812607,1608,0,0,245,0.9959183673469387,0
34.45239,3,0,0,0,0.000279999767371919,32.05070100011653,2.1644139997079037,32.08932899997308,0.19121607623782888,1609,0,0,245,0.9966836734693878,0
34.48494,3,0,0,0,0.0002840006345650181,32.49395200055005,2.193306000663142,32.53799499998422,0.19109730848861284,1610,0,0,245,0.9974489795918368,0
34.51679,3,0,0,0,0.00029300008463906124,31.81805300027918,2.177268999730586,31.8481280000924,0.1909786881853921,1611,0,0,245,0.9982142857142857,0
34.54812,3,0,0,0,0.00032200023269979283,31.295475999286282,2.1623470001941314,31.325584999649436,0.1908602150537635,1612,0,0,245,0.9989795918367347,0
34.5797,3,0,0,0,0.00028099930204916745,31.51856400018005,2.1629709999615443,31.568344999868714,0.1907418888200041,1613,0,0,197,0.9946065989847716,0
34.61115,2,0,0,0,0.00047599951358279213,31.413480999617605,1.7566690003150143,31.449174000044877,0.028810408921933095,1614,0,0,197,0.995241116751269,0
34.64176,2,0,0,0,0.00031699983082944527,30.56748100061668,1.728206999359827,30.600728000536037,0.028792569659442768,1615,0,0,197,0.9958756345177665,0
34.67337,2,0,0,0,0.000628999259788543,31.567593000545457,1.7330239998045727,31.599721999555186,0.028774752475247523,1616,0,0,198,0.9914772727272727,0
34.70502,2,0,0,0,0.00041000021155923605,31.579303000398795,1.730693000354222,31.6309910003838,0.0287569573283859,1617,0,0,102,0.991421568627451,0
34.731,1,0,0,0,0.0003850000211969018,25.9486349996223,1.13770099960675,25.978416999350884,0.0,1618,0,0,102,0.9920343137254902,0
34.75697,1,0,0,0,0.00027599980967352167,25.93462700042437,1.1662840006465558,25.965536000512657,0.0,1619,0,0,102,0.9926470588235294,0
34.78329,1,0,0,0,0.00027300029614707455,26.282653000635037,1.1625329998423695,26.31231099985598,0.0,1620,0,0,102,0.9932598039215687,0
34.80932,1,0,0,0,0.00026899942895397544,25.994720999733545,1.1645690001387266,26.023798000096576,0.0,1621,0,0,102,0.9938725490196079,0
34.83531,1,0,0,0,0.0006499994924524799,25.95427899996139,1.1574840000321274,25.98290799960523,0.0,1622,0,0,102,0.9944852941176471,0
34.86142,1,0,0,0,0.00028999966161791235,26.076576000377827,1.15917899984197,26.10808499957784,0.0,1623,0,0,102,0.9950980392156863,0
34.88787,1,0,0,0,0.0004940002327202819,26.413139999931445,1.1666480004350888,26.443124000252283,0.0,1624,0,0,102,0.9957107843137255,0
34.91405,1,0,0,0,0.00044199987314641476,26.142203000745212,1.1755610003092443,26.171899000473786,0.0,1625,0,0,102,0.9963235294117647,0
34.94011,1,0,0,0,0.0006350001058308408,26.018210999609437,1.17636999948445,26.04715000052238,0.0,1626,0,0,102,0.9969362745098039,0
34.96633,1,0,0,0,0.0003130007826257497,26.18899800017971,1.1750789999496192,26.215971999590693,0.0,1627,0,0,102,0.9975490196078431,0
34.99264,1,0,0,0,0.00027599980967352167,26.26838900050643,1.2064809998264536,26.298091000171553,0.0,1628,0,0,102,0.9981617647058824,0
35.01944,1,0,0,0,0.0002950000634882599,26.769136000439175,1.191297999866947,26.79827700012538,0.0,1629,0,0,102,0.9987745098039216,0
35.04538,1,0,0,0,0.00028399972507031634,25.899682999806828,1.1832509999294416,25.9293319995777,0.0,1630,0,0,102,0.9993872549019608,0
35.07135,1,0,0,0,0.0002750002749962732,25.932898000064597,1.1770210003305692,25.968000000830216,0.0,1631,0,0,102,1.0,0
35.09722,1,0,0,0,0.00030000046535860747,25.82892600003106,1.1524510000526789,25.860765999823343,0.0,1632,0,0,103,0.9908980582524272,0
35.12298,1,0,0,0,0.0002569995558587834,25.722972999574267,1.1544330000106129,25.751810000656405,0.0,1633,0,0,103,0.991504854368932,0
35.14886,1,0,0,0,0.0003089999154326506,25.847504000012123,1.1657899995043408,25.876659000459767,0.0,1634,0,0,103,0.9921116504854369,0
35.17482,1,0,0,0,0.00028999966161791235,25.92425300008472,1.1743430004571564,25.95191000000341,0.0,1635,0,0,103,0.9927184466019418,0
35.20079,1,0,0,0,0.0002830001903930679,25.9365070005515,1.1681159994623158,25.96390100006829,0.0,1636,0,0,103,0.9933252427184466,0
35.22686,1,0,0,0,0.0002830001903930679,26.041128000542813,1.1859639998874627,26.069821999954,0.0,1637,0,0,103,0.9939320388349514,0
35.25318,1,0,0,0,0.00029499915399355814,26.278727000317303,1.184234999527689,26.310084000215284,0.0,1638,0,0,103,0.9945388349514563,0
35.27908,1,0,0,0,0.00025900044420268387,25.861382999210036,1.1580780001168023,25.888943000609288,0.0,1639,0,0,103,0.9951456310679612,0
35.30558,1,0,0,0,0.0003289997039246373,26.459925999915868,1.1901050002052216,26.49225299956015,0.0,1640,0,0,103,0.995752427184466,0
35.33247,1,0,0,0,0.00030499995773425326,26.843190000363393,1.2023380004393402,26.88873299939587,0.0,1641,0,0,0,0.0,0
